ticker,name
A,Agilent Technologies Inc.
AA,Alcoa Corporation
AAL,American Airlines Group Inc.
AAME,Atlantic American Corp
AAN,"The Aaron's Company, Inc."
AAOI,"Applied Optoelectronics, Inc."
AAON,Aaon Inc
AAP,ADVANCE AUTO PARTS INC
AAPL,Apple Inc.
AAT,"AMERICAN ASSETS TRUST, INC."
AAXN,"Axon Enterprise, Inc. Common Stock"
ABBV,ABBVIE INC.
ABCB,Ameris Bancorp
ABEO,Abeona Therapeutics Inc. Common Stock
ABG,"Asbury Automotive Group, Inc."
ABIO,"ARCA biopharma, Inc."
ABM,"ABM Industries, Inc."
ABR,"Arbor Realty Trust, Inc."
ABT,Abbott Laboratories
AC,"Associated Capital Group, Inc."
ACA,"Arcosa, Inc. Common Stock"
ACAD,Acadia Pharmaceuticals Inc.
ACCO,Acco Brands Corporation
ACGL,Arch Capital Group Ltd
ACHC,"Acadia Healthcare Company, Inc."
ACHV,"Achieve Life Sciences, Inc."
ACIW,"ACI Worldwide, Inc."
ACLS,Axcelis Technologies Inc
ACM,Aecom
ACMR,"ACM Research, Inc. Class A Common Stock"
ACN,Accenture PLC
ACNB,ACNB Corp
ACOR,"Acorda Therapeutics, Inc."
ACRE,Ares Commercial Real Estate Corporation
ACRS,"Aclaris Therapeutics, Inc."
ACTG,Acacia Research Corporation
ACU,Acme United Corporation
ADBE,Adobe Inc.
ADC,Agree Realty Corporation
ADI,"Analog Devices, Inc."
ADM,Archer Daniels Midland Company
ADMA,"ADMA Biologics, Inc."
ADNT,Adient plc Ordinary Shares
ADP,Automatic Data Processing
ADSK,Autodesk Inc
ADT,ADT Inc.
ADTN,"ADTRAN Holdings, Inc. Common Stock"
ADUS,Addus HomeCare Corp.
ADVM,"Adverum Biotechnologies, Inc. Common Stock"
AE,Adams Resources & Energy Inc.
AEE,Ameren Corporation
AEHR,Aehr Test Systems
AEIS,Advanced Energy Industries Inc
AEL,American Equity Investment Life Holding Company
AEMD,AETHLON MEDICAL INC
AEO,American Eagle Outfitters
AEP,"American Electric Power Company, Inc."
AES,AES Corporation
AFG,"American Financial Group, Inc."
AFL,Aflac Inc.
AGCO,AGCO Corporation
AGEN,Agenus Inc.
AGIO,"Agios Pharmaceuticals, Inc."
AGM,Federal Agricultural Mortgage Corporation
AGNC,AGNC Investment Corp. Common Stock
AGO,"Assured Guaranty, LTD"
AGR,"Avangrid, Inc."
AGS,"PlayAGS, Inc."
AGX,"Argan, Inc"
AGYS,"Agilysys, Inc. Common Stock (DE)"
AHH,"Armada Hoffler Properties, Inc."
AHT,"Ashford Hospitality Trust, Inc."
AIG,"American International Group, Inc."
AIN,Albany International Corp Class A
AINC,Ashford Inc.
AIR,AAR Corp.
AIRG,"Airgain, Inc. Common Stock"
AIRI,Air Industries Group
AIRT,Air T Inc
AIT,"Applied Industrial Technologies, Inc."
AIV,Apartment Investment and Management Company
AIZ,"Assurant, Inc."
AJG,Arthur J. Gallagher & Co.
AJX,Great Ajax Corp.
AKAM,Akamai Technologies Inc
AKBA,"Akebia Therapeutics, Inc."
AKR,Acadia Realty Trust
AKTS,"AKOUSTIS TECHNOLOGIES, INC."
AL,Air Lease Corporation
ALB,Albemarle Corporation
ALCO,Alico Inc
ALDX,"Aldeyra Therapeutics, Inc."
ALE,"ALLETE, Inc."
ALEC,"Alector, Inc. Common Stock"
ALEX,"Alexander & Baldwin, Inc."
ALG,"Alamo Group, Inc."
ALGN,Align Technology Inc
ALGT,Allegiant Travel Company
ALIM,"Alimera Sciences, Inc."
ALK,"Alaska Air Group, Inc."
ALKS,Alkermes Inc. plc
ALL,The Allstate Corporation
ALLE,Allegion Public Limited Company
ALLK,Allakos Inc.
ALLO,"Allogene Therapeutics, Inc. Common Stock"
ALLY,Ally Financial Inc.
ALNY,"Alnylam Pharmaceuticals, Inc."
ALOT,"AstroNova, Inc. Common Stock"
ALPN,"Alpine Immune Sciences, Inc. Common Stock"
ALRM,"Alarm.com Holdings, Inc."
ALSN,"ALLISON TRANSMISSION HOLDINGS, INC."
ALT,"Altimmune, Inc. Common Stock"
ALTM,Arcadium Lithium plc
ALTR,Altair Engineering Inc. Class A Common Stock
ALV,"Autoliv, Inc."
ALX,Alexander's Inc.
AM,Antero Midstream Corporation Common Stock
AMAL,Amalgamated Financial Corp. Common Stock (DE)
AMAT,Applied Materials Inc
AMBC,"Ambac Financial Group, Inc."
AMC,"AMC ENTERTAINMENT HOLDINGS, INC."
AMCX,AMC Networks Inc. Class A
AMD,Advanced Micro Devices
AME,"Ametek, Inc."
AMED,Amedisys Inc
AMG,Affiliated Managers Group
AMGN,Amgen Inc
AMH,AMERICAN HOMES 4 RENT
AMKR,Amkor Technology Inc
AMN,AMN Healthcare Services
AMP,"Ameriprise Financial, Inc."
AMPE,Ampio Pharmaceuticals Inc.
AMPH,"Amphastar Pharmaceuticals, Inc."
AMRC,"Ameresco, Inc."
AMRK,"A-Mark Precious Metals, Inc."
AMRX,"Amneal Pharmaceuticals, Inc. Class A Common Stock"
AMS,American Shared Hospital Services
AMSC,American Superconductor Corp
AMSF,"AMERISAFE, Inc."
AMSWA,"American Software, Inc."
AMT,American Tower Corporation
AMTD,"AMTD IDEA Group American Depositary Shares, each representing six (6) Class A Ordinary Shares"
AMTX,"Aemetis, Inc. (DE) Common Stock"
AMWD,American Woodmark Corp
AMZN,Amazon.Com Inc
AN,"AutoNation, Inc."
ANAB,"AnaptysBio, Inc. Common Stock"
ANDE,Andersons Inc/The
ANET,Arista Networks
ANF,Abercrombie & Fitch Co.
ANGI,Angi Inc. Class A Common Stock
ANGO,"AngioDynamics, Inc."
ANIK,Anika Therapeutics Inc
ANIP,"ANI Pharmaceuticals, Inc."
ANIX,"Anixa Biosciences, Inc."
ANSS,Ansys Inc
AON,Aon plc Class A
AOS,A.O. Smith Corporation
AOSL,Alpha and Omega Semiconductor Limited
AP,Ampco-Pittsburgh Corp.
APA,APA Corporation Common Stock
APAM,ARTISAN PARTNERS ASSET MANAGEMENT INC.
APD,"Air Products & Chemicals, Inc."
APDN,"Applied DNA Sciences, Inc."
APEI,"American Public Education, Inc."
APH,Amphenol Corporation
APLE,"Apple Hospitality REIT, Inc."
APLS,"Apellis Pharmaceuticals, Inc. Common Stock"
APOG,Apogee Enterprises Inc
APPF,"AppFolio, Inc. Class A"
APPN,Appian Corporation Class A Common Stock
APPS,"Digital Turbine, Inc."
APT,"Alpha Pro Tech, Ltd."
APTV,Aptiv PLC
APVO,Aptevo Therapeutics Inc
APYX,Apyx Medical Corporation Common Stock
AQB,"AquaBounty Technologies, Inc."
AQMS,"Aqua Metals, Inc. Common Stock"
AR,ANTERO RESOURCES CORPORATION
ARAY,Accuray Incorporated
ARC,"ARC Document Solutions, Inc."
ARCB,ArcBest Corporation
ARCH,"Arch Resources, Inc."
ARDX,"Ardelyx, Inc."
ARE,"Alexandria Real Estate Equities, Inc."
ARES,Ares Management Corporation Class A Common Stock
ARI,"APOLLO COMMERCIAL REAL ESTATE FINANCE, INC."
ARKR,Ark Restaurants Corp
ARL,"American Realty Investors, Inc."
ARLO,"Arlo Technologies, Inc."
ARMK,ARAMARK
AROC,Archrock Inc
AROW,Arrow Financial Corp
ARR,"ARMOUR Residential REIT, Inc."
ARTNA,Artesian Resources Corp
ARTW,Arts-Way Manufacturing Co Inc
ARVN,"Arvinas, Inc"
ARW,"Arrow Electronics, Inc."
ARWR,Arrowhead Research Corporation
ASB,Associated Banc-Corp
ASGN,ASGN Incorporated
ASH,Ashland Inc.
ASIX,AdvanSix Inc.
ASMB,"Assembly Biosciences, Inc"
ASPN,"Aspen Aerogels, Inc."
ASPS,Altisource Portfolio Solutions S.A.
ASRT,"Assertio Holdings, Inc. Common Stock"
ASRV,AmeriServ Financial Inc
ASTC,Astrotech Corporation (DE) Common Stock
ASTE,Astec Industries Inc
ASUR,"Asure Software, Inc"
ASYS,Amtech Systems Inc
ATEC,"Alphatec Holdings, Inc."
ATEN,A10 NETWORKS INC
ATGE,Adtalem Global Education Inc. Common Shares
ATI,ATI Inc.
ATKR,Atkore Inc.
ATLC,Atlanticus Holdings Corporation
ATLO,AMES National Corp
ATNI,"ATN International, Inc"
ATNM,"Actinium Pharmaceuticals, Inc"
ATO,Atmos Energy Corporation
ATOS,"Atossa Therapeutics, Inc. Common Stock"
ATR,"AptarGroup, Inc."
ATRA,"Atara Biotherapeutics, Inc"
ATRC,"AtriCure, Inc."
ATRI,Atrion Corp
ATRO,Astronics Corp
ATSG,"Air Transport Services Group, Inc."
ATUS,"Altice USA, Inc. Class A Common Stock"
AUBN,Auburn National Bancorporation
AUMN,Golden Minerals Company
AVA,Avista Corporation
AVAV,"AeroVironment, Inc."
AVB,"AvalonBay Communities, Inc."
AVD,American Vanguard Corporation
AVGO,Broadcom Inc. Common Stock
AVGR,"Avinger, Inc. Common Stock"
AVNS,"Avanos Medical, Inc."
AVNW,"Aviat Networks, Inc."
AVRO,"AVROBIO, Inc. Common Stock"
AVT,"Avnet, Inc."
AVTR,"Avantor, Inc."
AVXL,Anavex Life Sciences
AVY,Avery Dennison Corp.
AWI,"Armstrong World Industries, Inc."
AWK,"American Water Works Company, Inc"
AWR,American States Water Company
AWRE,Aware Inc
AX,"Axos Financial, Inc. Common Stock"
AXDX,"Accelerate Diagnostics, Inc."
AXGN,"Axogen, Inc. Common Stock"
AXL,"American Axle & Manufacturing Holdings, Inc."
AXNX,"Axonics, Inc. Common Stock"
AXP,American Express Company
AXR,AMREP Corporation
AXS,Axis Capital Holders Limited
AXSM,"Axsome Therapeutics, Inc"
AXTA,Axalta Coating Systems Ltd.
AXTI,AXT Inc
AYI,"Acuity Brands, Inc."
AZO,"AutoZone, Inc."
AZPN,Aspen Technology Inc
AZZ,AZZ Inc.
B,Barnes Group Inc.
BA,Boeing Company
BAC,Bank of America Corporation
BAH,Booz Allen Hamilton Holding Corporation
BANC,"Banc of California, Inc."
BAND,Bandwidth Inc. Class A Common Stock
BANF,Bancfirst Corp
BANR,Banner Corp.
BATRA,"Atlanta Braves Holdings, Inc. Series A Common Stock"
BATRK,"Atlanta Braves Holdings, Inc. Series C Common Stock"
BAX,Baxter International Inc.
BBCP,"Concrete Pumping Holdings, Inc. Common Stock"
BBGI,Beasley Broadcasting Group Inc
BBSI,Barrett Business Services
BBW,"Build-A-Bear Workshop, Inc."
BBY,"Best Buy Company, Inc."
BC,Brunswick Corporation
BCBP,BCB Bancorp Inc (NJ)
BCC,Boise Cascade Company
BCLI,Brainstorm Cell Therapeutics Inc.
BCO,The Brink's Company
BCOV,"Brightcove, Inc."
BCPC,Balchem Corporation
BCRX,BioCryst Pharmaceuticals Inc
BDC,Belden Inc.
BDL,Flanigan's Enterprises Inc
BDN,Brandywine Realty Trust
BDX,"Becton, Dickinson and Co."
BE,Bloom Energy Corporation
BEAT,"Heartbeam, Inc. Common Stock"
BECN,"Beacon Roofing Supply, Inc."
BELFA,Bel Fuse Inc
BELFB,Bel Fuse Inc
BEN,"Franklin Resources, Inc."
BERY,"Berry Global Group, Inc."
BFAM,BRIGHT HORIZONS FAMILY SOLUTIONS INC.
BFIN,BankFinancial Corporation
BFS,"Saul Centers, Inc."
BFST,"Business First Bancshares, Inc. Common Stock"
BG,Bunge Global SA
BGFV,Big 5 Sporting Goods Corp
BGS,"B&G Foods, Inc."
BGSF,"BGSF, Inc."
BH,Biglari Holdings Inc. Class B Common Stock
BHB,Bar Harbor Bankshares
BHE,Benchmark Electronics
BHF,"Brighthouse Financial, Inc."
BHLB,"Berkshire Hills Bancorp, Inc."
BHR,Braemar Hotels & Resorts Inc. Common Stock
BHVN,Biohaven Ltd.
BIG,"Big Lots, Inc."
BIIB,Biogen Inc. Common Stock
BIO,"Bio-Rad Laboratories, Inc.Class A"
BIOL,"Biolase, Inc."
BJ,"BJs Wholesale Club Holdings, Inc. Common Stock"
BJRI,"BJ's Restaurants, Inc."
BK,Bank of New York Mellon Corporation
BKD,"Brookdale Senior Living, Inc."
BKE,"The Buckle, Inc."
BKH,Black Hills Corporation
BKNG,Booking Holdings Inc. Common Stock
BKTI,BK Technologies Corporation
BKU,"Bankunited, Inc."
BL,"BlackLine, Inc. Common Stock"
BLBD,Blue Bird Corporation Common Stock
BLD,TopBuild Corp. Common Stock
BLDR,"Builders FirstSource, Inc."
BLFS,BioLife Solutions Inc.
BLK,"Blackrock, Inc."
BLKB,"Blackbaud, Inc."
BLMN,"Bloomin' Brands, Inc. Common Stock"
BLUE,"bluebird bio, Inc. Common Stock"
BMI,"Badger Meter, Inc."
BMRC,Bank of Marin Bancorp
BMRN,BioMarin Pharmaceuticals Inc
BMY,Bristol-Myers Squibb Co.
BNED,"Barnes & Noble Education, Inc"
BOH,Bank of Hawaii Corp.
BOKF,BOK Financial Corp
BOOM,DMC Global Inc. Common Stock
BOOT,"Boot Barn Holdings, Inc."
BOTJ,"Bank of the James Financial Group, Inc"
BOX,"BOX, INC."
BPMC,Blueprint Medicines Corporation
BPOP,Popular Inc
BPRN,"Princeton Bancorp, Inc. Common Stock (PA)"
BPTH,Bio-Path Holdings Inc
BR,Broadridge Financial Solutions Inc
BRC,Brady Corporation
BRID,Bridgford Foods Corp
BRKL,Brookline Bancorp Inc
BRKR,Bruker Corporation
BRN,"Barnwell Industries, Inc."
BRO,"Brown & Brown, Inc."
BRT,BRT Apartments Corp
BRX,BRIXMOR PROPERTY GROUP INC.
BRY,Berry Corporation (bry) Common Stock
BSET,Bassett Furniture Industries I
BSGM,"BioSig Technologies, Inc. Common Stock"
BSRR,Sierra Bancorp
BSX,Boston Scientific Corp.
BTU,Peabody Energy Corporation
BURL,"BURLINGTON STORES, INC."
BUSE,First Busey Corporation Class A Common Stock
BV,"BrightView Holdings, Inc. Common Stock"
BW,"Babcock & Wilcox Enterprises, Inc."
BWA,BorgWarner Inc.
BWEN,"Broadwind, Inc. Common Stock"
BWFG,Bankwell Financial Group Inc
BWXT,"BWX Technologies, Inc."
BXC,BlueLinx Holdings Inc.
BXMT,"Blackstone Mortgage Trust, Inc. (NEW)"
BXP,"Boston Properties, Inc."
BY,"Byline Bancorp, Inc. Common Stock"
BYD,Boyd Gaming Corporation
BYFC,Broadway Financial Corp/Del
BYND,"Beyond Meat, Inc. Common Stock"
BZH,"Beazer Homes USA, Inc. New"
C,Citigroup Inc.
CABO,"Cable One, Inc."
CAC,Camden National Corporation
CACC,Credit Acceptance Corp
CACI,CACI INTERNATIONAL CLA
CADE,Cadence Bank
CAG,"Conagra Brands, Inc."
CAH,"Cardinal Health, Inc."
CAKE,Cheesecake Factory (The)
CAL,Caleres Inc
CALM,Cal-Maine Foods Inc
CALX,"CALIX, INC."
CAMP,CalAmp Corp.
CAPR,Capricor Therapeutics Inc
CAR,"Avis Budget Group, Inc."
CARA,"Cara Therapeutics, Inc."
CARG,"CarGurus, Inc. Class A Common Stock"
CARS,Cars.com Inc. Common Stock
CASH,"Pathward Financial, Inc. Common Stock"
CASI,"CASI Pharmaceuticals, Inc. Ordinary Shares"
CASS,Cass Information Systems Inc
CASY,Casey's General Stores Inc
CAT,Caterpillar Inc.
CATC,CAMBRIDGE BANCORP
CATO,CATO CORP
CATY,Cathay General Bancorp
CB,Chubb Limited
CBAN,Colony Bankcorp Inc
CBFV,"CB Financial Services, Inc. (PA)"
CBOE,"Cboe Global Markets, Inc."
CBRE,"CBRE GROUP, INC."
CBRL,"Cracker Barrel Old Country Store, Inc,."
CBSH,Commerce Bancshares Inc
CBT,Cabot Corporation
CBU,Community Bank System
CBZ,"CBIZ, Inc."
CC,The Chemours Company
CCBG,Capital City Bank Group Inc
CCI,Crown Castle Inc.
CCK,Crown Holdings Inc.
CCL,Carnival Corporation
CCNE,CNB Financial Corp/PA
CCO,"Clear Channel Outdoor Holdings, Inc. Common Stock"
CCOI,"Cogent Communications Holdings, Inc."
CCRN,Cross Country Healthcare Inc
CCS,"CENTURY COMMUNITIES, INC."
CDE,"Coeur Mining, Inc."
CDLX,"Cardlytics, Inc. Common Stock"
CDMO,"Avid Bioservices, Inc. Common Stock"
CDNA,"CareDx, Inc."
CDNS,Cadence Design Systems
CDTX,"Cidara Therapeutics, Inc."
CDW,CDW Corporation
CDXC,ChromaDex Corporation
CDXS,"Codexis, Inc."
CDZI,"CADIZ, Inc."
CE,Celanese Corporation Common Stock
CEI,"Camber Energy, Inc"
CEIX,CONSOL Energy Inc.
CELC,Celcuity Inc. Common Stock
CELH,"Celsius Holdings, Inc. Common Stock"
CENT,Central Garden and Pet Co
CENTA,Central Garden & Pet Company
CENX,Century Aluminum Co
CERS,Cerus Corp
CETX,CEMTREX INC.
CEVA,CEVA Inc.
CF,"CF Industries Holding, Inc."
CFBK,CF Bankshares Inc. Common Stock
CFFI,C&F Financial Corp
CFFN,"Capitol Federal Financial, Inc."
CFG,"Citizens Financial Group, Inc."
CFR,Cullen/Frost Bankers Inc.
CGNX,Cognex Corp
CHCI,"Comstock Holding Companies, Inc. Class A"
CHCO,City Holding Co
CHCT,"Community Healthcare Trust Incorporated Common Stock, $0.01 par value per share"
CHD,"Church & Dwight Co., Inc."
CHDN,Churchill Downs Inc
CHE,Chemed Corporation
CHEF,The Chef's Warehouse Inc
CHGG,"CHEGG, INC."
CHH,Choice Hotels Intnl.
CHK,Chesapeake Energy Corporation Common Stock
CHMG,Chemung Financial Corp
CHMI,CHERRY HILL MORTGAGE INVESTMENT CORPORATION
CHRS,"Coherus BioSciences, Inc."
CHRW,"C.H. Robinson Worldwide, Inc."
CHTR,Charter Comm Inc Del CL A New
CHUY,"Chuy's Holdings, Inc. Common Stock"
CI,The Cigna Group
CIA,"Citizens, Inc."
CIEN,Ciena Corporation
CIM,Chimera Investment Corp.
CINF,Cincinnati Financial Corp
CIO,"CITY OFFICE REIT, INC."
CIVB,"Civista Bancshares, Inc."
CIX,Comp X International Inc.
CKX,"CKX Lands, Inc."
CL,Colgate-Palmolive Company
CLAR,Clarus Corporation Common Stock
CLB,Core Laboratories Inc.
CLDT,CHATHAM LODGING TRUST
CLDX,"Celldex Therapeutics, Inc"
CLF,Cleveland-Cliffs Inc.
CLFD,"Clearfield, Inc."
CLH,"Clean Harbors, Inc"
CLIR,ClearSign Technologies Corporation Common Stock (DE)
CLNE,Clean Energy Fuels Corp.
CLPR,Clipper Realty Inc. Common Stock
CLRB,Cellectar Biosciences INC NEW
CLRO,"ClearOne, Inc. (DE) Common Stock"
CLW,Clearwater Paper Corporation
CLX,Clorox Company
CMA,Comerica Incorporated
CMC,Commercial Metals Company
CMCO,Columbus McKinnon Corp/NY
CMCSA,Comcast Corp
CMCT,Creative Media & Community Trust Corporation Common stock
CME,CME Group Inc.
CMG,"Chipotle Mexican Grill, Inc."
CMI,Cummins Inc.
CMP,"Compass Minerals International, Inc."
CMRX,"Chimerix, Inc."
CMS,CMS Energy Corporation
CMT,"Core Molding Technologies, Inc."
CMTL,Comtech Telecommunications
CNA,CNA Financial Corporation
CNC,Centene Corporation
CNDT,Conduent Incorporated Common Stock
CNFR,"Conifer Holdings, Inc"
CNK,"Cinemark Holdings, Inc."
CNMD,CONMED Corporation
CNNE,"Cannae Holdings, Inc. Common Stock"
CNO,"CNO Financial Group, Inc."
CNOB,Center Bancorp Inc
CNP,"CenterPoint Energy, Inc."
CNS,Cohen & Steers Inc.
CNSL,"Consolidated Communications Holdings, Inc."
CNTY,Century Casinos Inc
CNX,CNX Resources Corporation
CNXN,PC Connection Inc
CODA,"Coda Octopus Group, Inc. Common stock"
COF,Capital One Financial
COHN,Cohen & Company Inc
COHR,Coherent Corp.
COHU,Cohu Inc
COKE,"Coca-Cola Consolidated, Inc. Common Stock"
COLB,Columbia Banking Systems Inc
COLD,"Americold Realty Trust, Inc."
COLL,"Collegium Pharmaceutical, Inc. Common Stock"
COLM,Columbia Sportswear Co
COMM,"CommScope Holding Company, Inc."
CONN,Conn's Inc.
COO,"The Cooper Companies, Inc. Common Stock"
COOP,Mr. Cooper Group Inc. Common Stock
COP,ConocoPhillips
COR,"Cencora, Inc."
CORT,Corcept Therapeutics Inc.
COST,Costco Wholesale Corp
COTY,COTY INC
CPB,Campbell Soup Company
CPF,Central Pacific Financial Corporation
CPHC,Canterbury Park Holding Corporation 'New' Common Stock
CPIX,Cumberland Pharmaceuticals Inc
CPK,Chesapeake Utilities
CPRI,Capri Holdings Limited
CPRT,Copart Inc
CPRX,Catalyst Pharmaceutical  Inc.
CPS,Cooper-Standard Automotive Inc.
CPSH,CPS Technologies Corp. Common Stock
CPSS,Consumer Portfolio Services
CPT,Camden Property Trust
CR,Crane Company
CRAI,"CRA International, Inc."
CRBP,"Corbus Pharmaceuticals Holdings, Inc."
CRC,California Resources Corporation
CRI,Carter's Inc.
CRIS,Curis Inc
CRK,"Comstock Resources, Inc."
CRL,"Charles River Laboratories International, Inc."
CRM,"Salesforce, Inc."
CRMD,CorMedix Inc.
CRMT,America's Car Mart Inc
CRNX,"Crinetics Pharmaceuticals, Inc."
CROX,"Crocs, Inc."
CRS,Carpenter Technology Corp
CRUS,Cirrus Logic Inc
CRVL,Corvel Corp
CRVS,"Corvus Pharmaceuticals, Inc."
CRWS,Crown Crafts Inc
CSCO,"Cisco Systems, Inc. Common Stock (DE)"
CSGP,CoStar Group Inc
CSGS,CSG Systems International
CSL,"Carlisle Companies, Inc."
CSPI,CSP Inc.
CSV,"Carriage Services, Inc."
CSWI,"CSW Industrials, Inc"
CSX,CSX Corporation
CTAS,Cintas Corp
CTBI,Community Trust Bancorp Inc
CTHR,Charles & Colvard Ltd
CTLT,"CATALENT, INC."
CTMX,"CytomX Therapeutics, Inc."
CTO,"CTO Realty Growth, Inc."
CTRE,"CareTrust REIT, Inc"
CTRN,"Citi Trends, Inc."
CTS,CTS Corporation
CTSH,Cognizant Technology Solutions
CTSO,Cytosorbents Corp.
CUBE,CubeSmart
CUBI,CUSTOMERS BANCORP INC
CUE,"Cue Biopharma, Inc."
CULP,"Culp, Inc."
CUTR,"Cutera, Inc."
CUZ,Cousins Properties Inc.
CVBF,CVB Financial Corp
CVCO,Cavco Industries Inc.
CVGI,"Commercial Vehicle Group, Inc."
CVGW,Calavo Growers Inc
CVI,"CVR ENERGY, INC."
CVLT,"Commault Systems, Inc."
CVLY,Codorus Valley Bancorp Inc
CVM,Cel-Sci Corporation
CVNA,Carvana Co.
CVR,Chicago Rivet & Machine Co.
CVS,CVS HEALTH CORPORATION
CVU,"CPI Aerostructures, Inc."
CVV,CVD Equipment Corp.
CVX,Chevron Corporation
CW,Curtiss-Wright Corp.
CWBC,Community West Bancshares Common Stock
CWEN,"Clearway Energy, Inc. Class C Common Stock"
CWH,"Camping World Holdings, Inc."
CWST,Casella Waste Systems Inc
CWT,California Water Service
CXW,"CoreCivic, Inc."
CYCC,"Cyclacel Pharmaceuticals, Inc"
CYH,"Community Health Systems, Inc."
CYRX,"CryoPort, Inc. Common Stock"
CYTK,Cytokinetics Inc.
CZNC,Citizens & Northern Corporation
CZR,"Caesars Entertainment, Inc. Common Stock"
CZWI,"Citizens Community Bancorp, Inc."
D,"Dominion Energy, Inc."
DAIO,Data I/O Corp
DAKT,Daktronics Inc
DAL,"Delta Air Lines, Inc."
DAN,Dana Incorporated
DAR,DARLING INGREDIENTS INC.
DARE,"Dare Bioscience, Inc. Common Stock"
DBD,"Diebold Nixdorf, Incorporated"
DBI,Designer Brands Inc.
DBX,"Dropbox, Inc. Class A"
DCI,"Donaldson Company, Inc."
DCO,Ducommun Incorporated
DCOM,"Dime Community Bancshares, Inc. Common Stock"
DCPH,"Deciphera Pharmaceuticals, Inc. Common Stock"
DD,"DuPont de Nemours, Inc. Common Stock"
DDD,3D Systems Corp
DDS,Dillards Inc.
DE,Deere & Company
DEA,"Easterly Government Properties, Inc."
DECK,Deckers Outdoor Corp
DEI,"Douglas Emmett, Inc."
DELL,Dell Technologies Inc.
DENN,DENNY'S CORP
DFIN,"Donnelley Financial Solutions, Inc."
DFS,Discover Financial Services
DG,Dollar General Corp.
DGICA,Donegal Group Inc
DGII,Digi International Inc
DGLY,"Digital Ally, Inc. Common Stock"
DGX,Quest Diagnostics Inc.
DHI,D.R. Horton Inc.
DHIL,Diamond Hill Investment Group
DHR,Danaher Corporation
DHX,"DHI Group, Inc."
DIN,"Dine Brands Global, Inc."
DIOD,Diodes Inc
DIS,The Walt Disney Company
DIT,AMCON Distributing Co.
DJCO,Daily Journal Corp
DK,"Delek US Holdings, Inc."
DKS,"Dick's Sporting Goods, Inc."
DLA,Delta Apparel Inc.
DLB,"Dolby Laboratories, Inc.Class A"
DLHC,DLH Holdings Corp.
DLR,"Digital Realty Trust, Inc."
DLTH,Duluth Holdings Inc. Class B Common Stock
DLTR,Dollar Tree Inc.
DLX,Deluxe Corporation
DMRC,Digimarc Corporation
DNLI,Denali Therapeutics Inc. Common Stock
DNOW,DNOW Inc.
DOC,"Healthpeak Properties, Inc."
DOCU,"DocuSign, Inc. Common Stock"
DOMO,"Domo, Inc. Class B Common Stock"
DOOR,MASONITE INTERNATIONAL CORP
DORM,"Dorman Products, Inc. New"
DOV,Dover Corporation
DOW,Dow Inc.
DPZ,Domino's Pizza Inc.
DRH,DiamondRock Hospitality Company
DRI,"Darden Restaurants, Inc."
DRQ,"Dril-Quip, Inc."
DRRX,Durect Corp
DSS,"DSS, Inc."
DTE,DTE Energy Company
DUK,Duke Energy Corporation
DVA,DaVita Inc.
DVAX,Dynavax Technologies Corporation
DVN,Devon Energy Corporation
DWSN,Dawson Geophysical Company New Common Stock
DX,"Dynex Capital, Inc."
DXC,DXC Technology Company
DXCM,"DexCom, Inc."
DXLG,"Destination XL Group, Inc. Common Stock"
DXPE,DXP Enterprises Inc
DXYN,Dixie Group Inc
DY,"Dycom Industries, Inc."
DZSI,DZS Inc. Common Stock
EA,Electronic Arts Inc
EAF,GrafTech International Ltd.
EARN,ELLINGTON RESIDENTIAL MORTGAGE REIT
EAT,"Brinker International, Inc."
EB,"Eventbrite, Inc. Class A Common Stock"
EBAY,eBay Inc
EBF,"Ennis, Inc."
EBMT,"Eagle Bancorp Montana, Inc"
EBS,"Emergent Biosolutions, Inc."
EBTC,Enterprise Bancorp Inc.
ECL,"Ecolab, Inc."
ECPG,"Encore Capital Group, Inc."
ED,"Consolidated Edison, Inc."
EDIT,"Editas Medicine, Inc. Common Stock"
EDUC,Educational Development Corp
EE,"Excelerate Energy, Inc."
EEFT,Euronet Worldwide Inc
EEX,"Emerald Holding, Inc."
EFC,Ellington Financial Inc. Common Stock
EFOI,"Energy Focus, Inc."
EFSC,Enterprise Financial Services Corporation
EFX,"Equifax, Incorporated"
EGAN,eGain Corporation
EGBN,Eagle Bancorp Inc
EGHT,"8x8, Inc. Common Stock"
EGP,EastGroup Properties Inc.
EGRX,"Eagle Pharmaceuticals, Inc."
EGY,"Vaalco Energy, Inc."
EGY,"Vaalco Energy, Inc."
EHC,Encompass Health Corporation Common Stock
EHTH,"eHealth, Inc."
EIG,"Employers Holdings, Inc."
EIX,Edison International
EKSO,"Ekso Bionics Holdings, Inc. Common Stock"
EL,The Estee Lauder Companies Inc. Class A
ELAN,Elanco Animal Health Incorporated Common Stock
ELF,"e.l.f. Beauty, Inc."
ELMD,"Electromed, Inc."
ELS,"Equity Lifestyle Properties, Inc."
ELSE,Electro-Sensors Inc
EME,"EMCOR Group, Inc."
EMKR,Emcore Corp
EML,Eastern Company
EMN,Eastman Chemical Company
EMR,Emerson Electric Co.
ENG,ENGlobal Corp
ENPH,"Enphase Energy, Inc."
ENR,"Energizer Holdings, Inc"
ENS,"EnerSys, Inc."
ENSG,"The Ensign Group, Inc."
ENSV,Enservco Corp.
ENTA,"Enanta Pharmaceuticals, Inc"
ENTG,Entegris Inc
ENV,"ENVESTNET, INC."
ENVA,"Enova International, Inc."
ENZ,"Enzo Biochem, Inc."
EOG,"EOG Resources, Inc."
EOLS,"Evolus, Inc. Common Stock"
EPAM,"EPAM SYSTEMS, INC."
EPC,Edgewell Personal Care Company
EPM,Evolution Petroleum Corporation
EPR,EPR Properties
EPRT,"Essential Properties Realty Trust, Inc."
EQBK,"Equity Bancshares, Inc."
EQC,Equity Commonwealth
EQH,"Equitable Holdings, Inc."
EQIX,"Equinix, Inc. Common Stock REIT"
EQR,Equity Residential
EQT,EQT CORP
ERIE,Erie Indemnity Co
ERII,"Energy Recovery, Inc."
ES,Eversource Energy
ESCA,Escalade Inc
ESE,"ESCO Technologies, Inc."
ESGR,Enstar Group
ESNT,Essent Group LTD
ESP,Espey Mfg. & Electronics Corp
ESPR,"Esperion Therapeutics, Inc."
ESRT,"EMPIRE STATE REALTY TRUST, INC."
ESS,"Essex Property Trust, Inc"
ESSA,"ESSA Bancorp, Inc."
ESTC,Elastic N.V.
ETN,"Eaton Corporation, plc Ordinary Shares"
ETR,Entergy Corporation
ETRN,Equitrans Midstream Corporation Common Stock
ETSY,"Etsy, Inc."
EV,Mast Global Battery Recycling & Production ETF
EVBG,"Everbridge, Inc. Common Stock"
EVBN,Evans Bancorp Inc
EVC,Entravision Communication
EVER,"EverQuote, Inc. Class A Common Stock"
EVH,"Evolent Health, Inc Class A Common Stock"
EVI,"EVI Industries, Inc."
EVOK,"Evoke Pharma, Inc."
EVR,Evercore Inc.
EVRG,"Evergy, Inc."
EVRI,Everi Holdings Inc
EVTC,"EVERTEC, INC."
EW,Edwards Lifesciences Corp
EWBC,East-West Bancorp Inc
EXAS,Exact Sciences Corp
EXC,Exelon Corporation
EXEL,Exelixis Inc
EXLS,"ExlService Holdings, Inc."
EXP,"Eagle Materials, Inc."
EXPD,"Expeditors International of Washington, Inc."
EXPE,"Expedia Group, Inc. Common Stock"
EXPI,"eXp World Holdings, Inc. Common Stock"
EXPO,Exponent Inc
EXR,"Extra Space Storage, Inc."
EXTR,Extreme Networks
EYE,"National Vision Holdings, Inc. Common Stock"
EYEG,AB Corporate Bond ETF
EYPT,"EyePoint Pharmaceuticals, Inc. Common Stock"
EZPW,Ezcorp Inc
F,Ford Motor Company
FAF,First American Financial Corporation
FANG,"Diamondback Energy, Inc."
FARM,Farmer Bros Co
FARO,Faro Technologies Inc
FAST,Fastenal Co
FATE,"Fate Therapeutics, Inc."
FBIO,"Fortress Biotech, Inc."
FBIZ,"First Business Financial Services, Inc."
FBK,FB Financial Corporation
FBMS,"First Bancshares, Inc."
FBNC,First Bancorp/NC
FBP,First BanCorp.
FC,Franklin Covey Company
FCAP,First Capital Inc
FCBC,"First Community Bankshares, Inc. (VA)"
FCCO,First Community Corp
FCEL,FuelCell Energy Inc  NEW (DE)
FCF,First Commonwealth Financial Corporation
FCFS,"FirstCash Holdings, Inc. Common Stock"
FCN,"FTI Consulting, Inc."
FCNCA,First Citizens BancShares Inc
FCPT,"Four Corners Property Trust, Inc."
FCX,Freeport-McMoran Inc.
FDBC,"Fidelity D & D Bancorp, Inc. Common Stock"
FDP,Fresh Del Monte Produce Inc.
FDS,Factset Research Systems
FDX,FedEx Corporation
FE,FirstEnergy Corp.
FEIM,"Frequency Electronics, Inc."
FELE,Franklin Electric Co Inc
FET,"Forum Energy Technologies, Inc."
FF,Future Fuel Corporation
FFBC,First Financial Bancorp
FFIC,Flushing Financial Corp
FFIN,First Financial Bankshares Inc
FFIV,"F5, Inc. Common Stock"
FFNW,"First Financial Northwest, Inc"
FFWM,First Foundation Inc.
FGBI,FIRST GUARANTY BANCSHARES INC
FGEN,"FibroGen, Inc"
FHB,"First Hawaiian, Inc. Common Stock"
FHN,First Horizon Corporation
FI,"Fiserv, Inc."
FIBK,"First Interstate BancSystem, Inc. Common Stock (DE)"
FICO,Fair Isaac Corporation
FIS,"Fidelity National Information Services, Inc."
FISI,Financial Institutions Inc
FITB,Fifth Third Bancorp
FIVE,"Five Below, Inc. Common Stock"
FIVN,"FIVE9, INC."
FIX,"Comfort Systems USA, Inc."
FIZZ,National Beverage Corp.
FL,"Foot Locker, Inc."
FLIC,First of Long Island Corp/The
FLL,"Full House Resorts, Inc."
FLNT,"Fluent, Inc. Common Stock"
FLO,"Flowers Foods, Inc."
FLOW,Global X U.S. Cash Flow Kings 100 ETF
FLR,Fluor Corporation
FLS,Flowserve Corporation
FLWS,1-800-FLOWERS.COM Inc
FLXS,Flexsteel Industries
FMAO,"Farmers & Merchants Bancorp, Inc."
FMBH,"First Mid Bancshares, Inc. Common Stock"
FMC,FMC Corporation
FMNB,Farmers National Banc Corp
FN,Fabrinet
FNB,F.N.B. Corp
FNCB,FNCB Bancorp Inc. Common Stock
FND,"Floor & Decor Holdings, Inc."
FNF,"Fidelity National Financial, Inc."
FNKO,"Funko, Inc. Class A Common Stock"
FNLC,"First Bancorp, Inc. (ME)"
FNWB,First Northwest Bancorp Common Stock
FOLD,"Amicus Therapeutics, Inc"
FONR,Fonar Corporation
FOR,Forestar Group Inc.
FORD,Forward Industries Inc-N Y
FORM,FormFactor Inc.
FORR,Forrester Research Inc
FOSL,"Fossil Group, Inc."
FOX,Fox Corporation Class B Common Stock
FOXA,Fox Corporation Class A Common Stock
FOXF,Fox Factory Holding Corp. Common Stock
FPI,Farmland Partners Inc.
FR,"First Industrial Realty Trust, Inc."
FRBA,First Bank
FRD,"Friedman Industries, Inc"
FRME,First Merchants Corp
FRPH,"FRP Holdings, Inc."
FRPT,"Freshpet, Inc."
FRT,Federal Realty Investment Trust
FSBW,"FS Bancorp, Inc. Common Stock"
FSFG,"First Savings Financial Group, Inc"
FSLR,"First Solar, Inc."
FSLY,"Fastly, Inc."
FSP,Franklin Street Properties Corp
FSS,Federal Signal Corp.
FSTR,Foster (Lb) Co
FTDR,"Frontdoor, Inc. Common Stock"
FTEK,"Fuel Tech, Inc."
FTI,TechnipFMC plc Ordinary Share
FTK,"Flotek Industries, Inc."
FTNT,"Fortinet, Inc."
FTV,Fortive Corporation
FUL,H.B. Fuller Company
FULT,Fulton Financial Corp
FUNC,First United Corp
FUSB,"First US Bancshares, Inc. Common Stock"
FWONA,Liberty Media Corporation Series A Liberty Formula One Common Stock
FWONK,Liberty Media Corporation Series C Liberty Formula One Common Stock
FWRD,Forward Air Corp
G,GENPACT LIMITED
GABC,"German American Bancorp, Inc."
GAIA,"Gaia, Inc. Class A Common Stock"
GALT,Galectin Therapeutics Inc.
GATX,GATX Corporation
GBCI,Glacier Bancorp Inc
GBLI,"Global Indemnity Group, LLC"
GBX,"The Greenbrier Companies, Inc."
GCBC,Greene County Bancorp Inc
GCI,"Gannett Co., Inc."
GCO,Genesco Inc.
GD,General Dynamics Corporation
GDDY,GoDaddy Inc
GDEN,"Golden Entertainment, Inc. Common Stock"
GDOT,Green Dot Corporation
GE,GE Aerospace
GEF,"Greif, Inc."
GEN,Gen Digital Inc. Common Stock
GENC,"Gencor Industries, Inc."
GEO,"The GEO Group, Inc."
GEOS,Geospace Technologies Corporation Common Stock
GERN,Geron Corp
GES,"Guess?, Inc."
GEVO,"Gevo, Inc."
GFF,Griffon Corp
GGG,Graco Inc
GH,"Guardant Health, Inc. Common Stock"
GHC,GRAHAM HOLDINGS COMPANY
GHM,Graham Corporation
GIFI,Gulf Island Fabrication Inc
GIII,G-Iii Apparel Group Ltd
GILD,Gilead Sciences Inc
GIS,"General Mills, Inc."
GKOS,Glaukos Corporation
GLBZ,Glen Burnie Bancorp
GLDD,Great Lakes Dredge & Dock Corporation
GLPI,"Gaming and Leisure Properties, Inc."
GLRE,"Greenlight Captial RE, LTD. Class A"
GLT,Glatfelter Corporation
GLW,Corning Incorporated
GLYC,"GlycoMimetics, Inc."
GM,General Motors Company
GME,GameStop Corp. Class A
GMED,GLOBUS MEDICAL INC
GMRE,Global Medical REIT Inc.
GMS,GMS Inc.
GNE,GENIE ENERGY LTD
GNK,GENCO SHIPPING & TRADING LTD
GNL,"Global Net Lease, Inc."
GNRC,GENERAC HOLDINGS INC
GNTX,Gentex Corp
GNTY,"Guaranty Bancshares, Inc."
GNW,"Genworth Financial, Inc."
GOGO,Gogo Inc.
GOLF,Acushnet Holdings Corp.
GOOD,Gladstone Commercial Corporation - REIT
GOOG,Alphabet Inc. Class C Capital Stock
GOOGL,Alphabet Inc. Class A Common Stock
GORO,Gold Resource Corporation
GOSS,"Gossamer Bio, Inc. Common Stock"
GPC,Genuine Parts Company
GPI,"Group 1 Automotive, Inc."
GPK,Graphic Packaging Holding Company
GPMT,Granite Point Mortgage Trust Inc. Common Stock
GPN,"Global Payments, Inc."
GPOR,Gulfport Energy Corporation
GPRE,"Green Plains, Inc."
GPRO,"GoPro, Inc."
GPS,"The Gap, Inc."
GRBK,"Green Brick Partners, Inc"
GRC,The Gorman-Rupp Company Common Shares
GRMN,Garmin Ltd
GROW,US Global Investors Inc
GRPN,"Groupon, Inc.Common Stock"
GRTS,"Gritstone bio, Inc. Common Stock"
GS,Goldman Sachs Group Inc.
GSAT,"Globalstar, Inc."
GSBC,Great Southern Bancorp Inc
GSHD,"Goosehead Insurance, Inc. Class A Common Stock"
GSIT,GSI Technology
GT,Goodyear Tire & Rubber
GTES,Gates Industrial Corporation plc
GTHX,"G1 Therapeutics, Inc. Common Stock"
GTIM,Good Times Restaurants Inc.
GTLS,"Chart Industries, Inc."
GTN,"Gray Television, Inc."
GTX,Garrett Motion Inc. Common Stock
GTY,Getty Realty Corp.
GV,Visionary Holdings Inc. Common Shares
GVA,Granite Construction Inc.
GVP,"GSE Systems, Inc."
GWRE,"GUIDEWIRE SOFTWARE, INC."
GWRS,"Global Water Resources, Inc."
GWW,"W.W. Grainger, Inc."
GWW,"W.W. Grainger, Inc."
H,Hyatt Hotels Corporation
HA,"Hawaiian Holdings, Inc."
HAE,Haemonetics Corporation
HAFC,Hanmi Financial Corp
HAIN,Hain Celestial Group Inc
HAL,Halliburton Company
HALO,"Halozyme Therapeutics, Inc."
HAS,"Hasbro, Inc."
HASI,HANNON ARMSTRONG SUSTAINABLE INFRASTRUCTURE CAPITAL INC
HAYN,"Haynes International, Inc."
HBAN,Huntington Bancshares Inc
HBB,Hamilton Beach Brands Holding Company Class A Common Stock
HBCP,"Home Bancorp, Inc."
HBI,"Hanesbrands, Inc."
HBIO,Harvard Bioscience Inc
HBNC,"Horizon Bancorp, Inc. Common Stock"
HCA,"HCA Healthcare, Inc."
HCC,"Warrior Met Coal, Inc."
HCC,"Warrior Met Coal, Inc."
HCI,"HCI Group, Inc."
HCKT,Hackett Group Inc (The).
HCSG,Healthcare Services Group
HD,"Home Depot, Inc."
HDSN,Hudson Technologies Inc
HE,"Hawaiian Electric Industries, Inc."
HEAR,Turtle Beach Corporation Common Stock
HEES,"H&E Equipment Services, Inc."
HEI,HEICO Corporation
HELE,Helen Of Troy Ltd
HES,Hess Corporation
HFBL,"Home Federal Bancorp, Inc. of Louisiana"
HFWA,Heritage Financial Corp
HGV,Hilton Grand Vacations Inc. Common Stock
HHS,"Harte-Hanks, Inc. Common Stock"
HI,"Hillenbrand, Inc."
HIBB,"Hibbett, Inc. Common Stock"
HIFS,Hingham Institution for Saving
HIG,"The Hartford Financial Services Group, Inc."
HII,"Huntington Ingalls Industries, Inc."
HIW,Highwoods Properties Inc.
HL,Hecla Mining Company
HLF,Herbalife Ltd.
HLI,"Houlihan Lokey, Inc."
HLIT,Harmonic Inc
HLNE,Hamilton Lane Incorporated Class A Common Stock
HLT,Hilton Worldwide Holdings Inc.
HLX,"Helix Energy Solutions Group, Inc."
HMN,Horace Mann Educators Corporation
HMNF,HMN Financial Inc
HMST,"HomeStreet, Inc."
HNI,HNI Corporation
HNRG,Hallador Energy Company
HOFT,Hooker Furnishings Corporation Common Stock
HOG,"Harley-Davidson, Inc."
HOLX,Hologic Inc
HOMB,"Home BancShares, Inc."
HON,"Honeywell International, Inc."
HONE,"HarborOne Bancorp, Inc. Common Stock"
HOPE,"Hope Bancorp, Inc."
HOV,"Hovnanian Enterprises, Inc. Class A"
HP,"Helmerich & Payne, Inc."
HPE,Hewlett Packard Enterprise Company
HPP,"Hudson Pacific Properties, Inc."
HPQ,HP Inc.
HQY,"HealthEquity, Inc"
HR,Healthcare Realty Trust Incorporated
HRB,"H&R Block, Inc."
HRI,Herc Holdings Inc.
HRL,Hormel Foods Corporation
HROW,"Harrow, Inc. Common Stock"
HRTG,HERITAGE INSURANCE HOLDINGS INC
HRTX,"Heron Therapeutics, Inc."
HSIC,Henry Schein Inc
HSII,Heidrick & Struggles Inc
HSON,"Hudson Global, Inc."
HST,"Host Hotels & Resorts, Inc."
HSTM,HealthStream Inc
HSY,The Hershey Company
HTBI,"HomeTrust Bancshares, Inc. Common Stock"
HTBK,Heritage Commerce Corp
HTH,HILLTOP HOLDINGS INC.
HTLD,Heartland Express Inc
HTLF,"Heartland Financial USA, Inc."
HUBB,Hubbell Incorporated
HUBG,HUB Group Inc
HUBS,"HUBSPOT, INC."
HUM,Humana Inc.
HUN,Huntsman Corporation
HURC,Hurco Cos Inc
HURN,Huron Consulting Group Inc.
HUSA,Houston American Energy Corp
HVT,"Haverty Furniture Companies, Inc."
HWBK,Hawthorn Bancshars Inc.
HWC,Hancock Whitney Corporation Common Stock
HWKN,Hawkins Inc
HXL,Hexcel Corporation
HY,"HYSTER-YALE MATERIALS HANDLING, INC"
HZO,"MarineMax, Inc."
IAC,IAC Inc. Common Stock
IART,Integra LifeSciences Holdings
IBCP,Independent Bank Corp.
IBIO,"iBio, Inc."
IBKR,"Interactive Brokers Group, Inc. Class A Common Stock"
IBM,International Business Machines Corporation
IBOC,International Bancshares Corp
IBP,"INSTALLED BUILDING PRODUCTS, INC."
IBTX,"Independent Bank Group, Inc."
ICAD,Icad Inc
ICCC,Immucell Corp
ICD,"Independence Contract Drilling, Inc."
ICE,Intercontinental Exchange  Inc.
ICFI,"ICF International, Inc."
ICHR,Ichor Holdings
ICUI,ICU Medical Inc
IDA,"IDACORP, Inc."
IDCC,"InterDigital, Inc."
IDN,"Intellicheck, Inc. Common Stock"
IDT,IDT Corporation Class B
IDXX,Idexx Laboratories Inc
IESC,"IES Holdings, Inc. Common Stock"
IEX,IDEX Corporation
IFF,International Flavors & Fragrances Inc.
III,"Information Services Group, Inc."
IIIN,"Insteel Industries, Inc."
IIIV,"i3 Verticals, Inc. Class A Common Stock"
IIPR,"Innovative Industrial Properties, Inc. Common stock"
ILMN,Illumina Inc
ILPT,Industrial Logistics Properties Trust Common Shares of Beneficial Interest
IMKTA,Ingles Markets Inc
IMMR,Immersion Corp
IMXI,"International Money Express, Inc."
INBK,First Internet Bancorp
INCY,Incyte Genomics Inc
INDB,Independent Bank Corp/MA
INFN,Infinera Corporation Common Stock
INFU,"InfuSystem Holdings, Inc."
INGN,Inogen Inc
INGR,Ingredion Incorporated
INN,"Summit Hotel Properties, Inc."
INO,"Inovio Pharmaceuticals, Inc."
INOD,Innodata Inc.
INOV,Innovator International Developed Power Buffer ETF - November
INSE,"Inspired Entertainment, Inc."
INSG,Inseego Corp. Common Stock
INSM,"Insmed, Inc."
INSP,"Inspire Medical Systems, Inc."
INSW,"International Seaways, Inc. Common Stock"
INTC,Intel Corp
INTG,Intergroup Corporation (The)
INTL,Main International ETF
INTT,inTEST Corporation
INTU,Intuit Inc
INUV,"Inuvo, Inc."
INVA,"Innoviva, Inc. Common Stock"
INVE,"Identive, Inc."
INVH,Invitation Homes Inc. Common Stock
IONS,"Ionis Pharmaceuticals, Inc. Common Stock"
IOR,"Income Opportunity Realty Investors, Inc."
IOSP,Innospec Inc.
IOVA,"Iovance Biotherapeutics, Inc. Common Stock"
IP,International Paper Co.
IPAR,Inter Parfums Inc
IPG,"The Interpublic Group of Companies, Inc."
IPGP,IPG Photonics Corporation
IPI,"Intrepid Potash, Inc"
IPWR,Ideal Power Inc.
IQV,IQVIA Holdings Inc.
IR,Ingersoll Rand Inc. Common Stock
IRBT,iRobot Corporation
IRDM,Iridium Communications Inc.
IRET,iREIT MarketVector Quality REIT Index ETF
IRIX,Iridex Corp
IRM,Iron Mountain Inc.
IRMD,iRadimed Corporation
IROQ,"IF Bancorp, Inc."
IRT,Independence Realty Trust Inc.
IRTC,"iRhythm Technologies, Inc"
IRWD,"Ironwood Pharmaceuticals, Inc. - Class A"
ISDR,Issuer Direct Corporation
ISRG,Intuitive Surgical Inc.
ISSC,Innovative Solutions & Support
ISTR,Investar Holding Corporation
IT,"Gartner, Inc."
ITCI,Intra-Cellular Therapies Inc.
ITGR,Integer Holdings Corporation
ITI,"Iteris, Inc."
ITIC,Investors Title Co
ITRI,Itron Inc
ITT,ITT Inc.
ITW,Illinois Tool Works Inc.
IVAC,Intevac Inc
IVR,Invesco Mortgage Capital Inc.
IVZ,Invesco LTD
IZEA,"IZEA Worldwide, Inc. Common Stock"
JACK,Jack in the Box Inc.
JAGX,"Jaguar Health, Inc."
JAKK,Jakks Pacific Inc
JAZZ,"Jazz Pharmaceuticals, Inc."
JBGS,JBG SMITH Properties Common Shares
JBHT,JB Hunt Transport Services Inc
JBL,Jabil Inc.
JBLU,JetBlue Airways Corp
JBSS,John B. Sanfilippo & SON
JBT,John Bean Technologies Corporation
JCI,Johnson Controls International plc
JCTCF,Jewett-Cameron Trading
JEF,Jefferies Financial Group Inc.
JELD,"JELD-WEN Holding, Inc."
JHG,Janus Henderson Group plc Ordinary Shares
JILL,"J.Jill, Inc. Common Stock"
JJSF,J&J Snack Foods Corp
JKHY,Henry (Jack) & Associates
JLL,"Jones Lang LaSalle, Inc."
JNJ,Johnson & Johnson
JNPR,Juniper Networks Inc
JOB,GEE Group Inc.
JOE,St. Joe Company
JOUT,Johnson Outdoors Inc
JPM,JPMorgan Chase & Co.
JRVR,"James River Group Holdings, Ltd"
JVA,"Coffee Holding Co., Inc."
JWN,"Nordstrom, Inc."
JYNT,The Joint Corp.
K,Kellanova
KAI,Kadant Inc.
KALA,"KALA BIO, Inc. Common Stock"
KALU,Kaiser Aluminum Corporation
KALV,"KalVista Pharmaceuticals, Inc. Common Stock"
KAMN,Kaman Corp
KAR,"OPENLANE, Inc"
KBH,KB Home
KBR,"KBR, Inc."
KDP,Keurig Dr Pepper Inc.
KE,"Kimball Electronics, Inc."
KELYA,Kelly Services Inc
KEQU,Kewaunee Scientific Corp
KEX,Kirby Corporation
KEY,KeyCorp
KEYS,"Keysight Technologies, Inc."
KFFB,Kentucky First Federal Bancorp
KFRC,kforce Inc
KFY,Korn Ferry
KHC,The Kraft Heinz Company Common Stock
KIDS,OrthoPediatrics Corp. Common Stock
KIM,Kimco Realty Corp.
KINS,"Kingstone Companies, Inc."
KIRK,Kirkland's Inc
KKR,KKR & Co. Inc.
KLAC,KLA Corporation Common Stock
KLIC,Kulicke & Soffa Industries Inc
KLXE,"KLX Energy Services Holdings, Inc. Common Stock"
KMB,Kimberly-Clark Corp.
KMI,"Kinder Morgan, Inc."
KMPR,Kemper Corporation
KMT,Kennametal Inc.
KMX,CarMax Inc.
KN,KNOWLES CORPORATION
KNSA,"Kiniksa Pharmaceuticals, Ltd. Class A Common Stock"
KNSL,"Kinsale Capital Group, Inc."
KNX,Knight-Swift Transportation Holdings Inc. Class A Common Stock
KO,Coca-Cola Company
KOD,Kodiak Sciences Inc Common Stock
KODK,EASTMAN KODAK COMPANY
KOP,"Koppers Holdings, Inc."
KOPN,Kopin Corp
KOS,Kosmos Energy Ltd
KPTI,Karyopharm Therapeutics Inc.
KR,The Kroger Co.
KRC,Kilroy Realty Corp.
KREF,KKR Real Estate Finance Trust Inc.
KRG,Kite Realty Group Trust
KRNY,Kearny Financial Corporation
KRO,"Kronos Worldwide, Inc."
KRYS,"Krystal Biotech, Inc. Common Stock"
KSS,Kohls Corporation
KTCC,KEY Tronic Corp
KTOS,"Kratos Defense & Security Solutions, Inc."
KURA,"Kura Oncology, Inc."
KVHI,KVH Industries Inc
KW,"KENNEDY-WILSON HOLDINGS, INC."
KWR,Quaker Houghton
KZR,"Kezar Life Sciences, Inc. Common Stock"
L,Loews Corporation
LAD,"Lithia Motors, Inc."
LADR,LADDER CAPITAL CORP
LAKE,Lakeland Industries Inc
LAMR,Lamar Advertising Co
LANC,Lancaster Colony Corp
LAND,Gladstone Land Corporation
LARK,Landmark Bancorp Inc
LASR,"nLIGHT, Inc. Common Stock"
LAUR,"Laureate Education, Inc. Common Stock"
LAZ,"Lazard, Inc."
LBAI,Lakeland Bancorp Inc
LBRDA,Liberty Broadband Corporation Class A
LBRDK,Liberty Broadband Corporation Class C
LBRT,Liberty Energy Inc.
LBTYA,Liberty Global Ltd. Class A Common Shares
LBTYK,Liberty Global Ltd. Class C Common Shares
LC,LendingClub Corporation
LCII,LCI Industries
LCNB,LCNB Corporation
LCUT,"Lifetime Brands, Inc."
LDOS,"Leidos Holdings, Inc."
LE,"Lands' End, Inc. Common Stock"
LEA,Lear Corporation
LECO,Lincoln Electric Holdings Inc
LEE,"Lee Enterprises, Inc."
LEG,"Leggett & Platt, Inc."
LEGH,Legacy Housing Corporation Common Stock
LEN,Lennar Corporation Class A
LEU,Centrus Energy Corp.
LEVI,Levi Strauss & Co. Class A Common Stock
LFUS,Littelfuse Inc
LFVN,Lifevantage Corporation Common Stock (Delaware)
LGIH,"LGI Homes, Inc."
LGL,"The LGL Group, Inc."
LGND,Ligand Pharmaceuticals Inc.
LH,Laboratory Corporation of America Holdings
LIFE,"aTyr Pharma, Inc. Common Stock"
LII,Lennox International Inc.
LILA,Liberty Latin America Ltd. Class A Common Stock
LILAK,Liberty Latin America Ltd. Class C Common Stock
LIN,Linde plc Ordinary Share
LINC,Lincoln Educational Services
LIND,Lindblad Expeditions Holdings Inc. Common Stock
LIQT,"LiqTech International, Inc."
LITE,Lumentum Holdings Inc. Common Stock
LIVE,Live Ventures Inc
LIVN,LivaNova PLC Ordinary Shares
LKFN,Lakeland Financial Corp
LKQ,LKQ Corporation
LL,"LL Flooring Holdings, Inc."
LLY,Eli Lilly & Co.
LMAT,"LeMaitre Vascular, Inc."
LMFA,"LM Funding America, Inc. Common Stock"
LMNR,Limoneira Co
LMT,Lockheed Martin Corp.
LNC,Lincoln National Corp.
LNG,Cheniere Energy Inc
LNN,Lindsay Corporation
LNT,Alliant Energy Corporation Common Stock
LNTH,"Lantheus Holdings, Inc"
LOAN,"Manhattan Bridge Capital, Inc"
LOB,"Live Oak Bancshares, Inc."
LOCO,"El Pollo Loco Holdings, Inc."
LODE,Comstock Inc.
LOOP,"Loop Industries, Inc. Common Stock"
LOPE,"Grand Canyon Education, Inc"
LOVE,The Lovesac Company Common Stock
LOW,Lowe's Companies Inc.
LPCN,Lipocine Inc.
LPG,DORIAN LPG LTD
LPLA,LPL Financial Holdings Inc.
LPSN,LivePerson Inc
LPTH,Lightpath Technologies Inc
LPX,Louisiana-Pacific Corp.
LQDA,Liquidia Corporation Common Stock
LQDT,"Liquidity Services, Inc."
LRCX,Lam Research Corp
LRN,"Stride, Inc."
LSBK,"Lake Shore Bancorp, Inc."
LSCC,Lattice Semiconductor Corp
LSTR,Landstar System Inc
LSXMA,Liberty Media Corporation Series A Liberty SiriusXM Common Stock
LSXMK,Liberty Media Corporation Series C Liberty SiriusXM Common Stock
LTBR,Lightbridge Corp.
LTC,"LTC Properties, Inc."
LTRX,Lantronix Inc
LULU,lululemon athletica inc.
LUNA,Luna Innovations Incorporated
LUV,Southwest Airlines Co.
LVS,Las Vegas Sands Corp.
LW,"Lamb Weston Holdings, Inc."
LWAY,Lifeway Foods Inc
LXP,LXP Industrial Trust
LXRX,"Lexicon Pharmaceuticals, Inc."
LXU,LSB INDUSTRIES INC
LYB,LyondellBasell Industries N.V. Class A
LYFT,"Lyft, Inc. Class A Common Stock"
LYTS,LSI Industries Inc
LYV,Live Nation Entertainment Inc.
LZB,La-Z-Boy Incorporated
M,Macy's Inc.
MA,Mastercard Incorporated
MAA,"Mid-America Apartment Communities, Inc."
MAC,The Macerich Company
MACK,"Merrimack Pharmaceuticals, Inc."
MAN,ManpowerGroup
MANH,Manhattan Associates Inc
MAR,Marriot International Class A Common Stock
MARA,"Marathon Digital Holdings, Inc. Common Stock"
MAS,Masco Corporation
MASI,Masimo Corporation
MAT,"Mattel, Inc."
MATW,Matthews International Corp
MATX,"Matsons, Inc."
MAYS,Mays (J.W.) Inc
MBCN,Middlefield Banc Corp.
MBI,MBIA Inc.
MBIN,Merchants Bancorp Common Stock
MBIO,"Mustang Bio, Inc."
MBOT,"Microbot Medical, Inc. Common Stock"
MBUU,"Malibu Boats, Inc. Class A"
MBWM,Mercantile Bank Corp
MC,MOELIS & COMPANY
MCB,"Metropolitan Bank Holding Corp. Common Stock, $0.01 par value per share"
MCBC,Macatawa Bank Corp
MCD,McDonald's Corporation
MCFT,"MasterCraft Boat Holdings, Inc. Common Stock"
MCHP,Microchip Technology Inc
MCHX,"Marchex, Inc. Class B"
MCK,McKesson Corporation
MCO,Moody's Corporation
MCRB,"Seres Therapeutics, Inc."
MCRI,Monarch Casino & Resort Inc
MCS,The Marcus Corporation
MCY,Mercury General Corp.
MD,"Pediatrix Medical Group, Inc."
MDB,"MongoDB, Inc. Class A"
MDC,"M.D.C. Holdings, Inc."
MDGL,"Madrigal Pharmaceuticals, Inc. Common Stock"
MDLZ,"Mondelez International, Inc. Class A"
MDT,Medtronic plc
MDU,"MDU Resources Group, Inc."
MED,"Medifast, Inc."
MEDP,"Medpace Holdings, Inc. Common Stock"
MEI,Methode Electronics
MEIP,"MEI Pharma, Inc."
MERC,Mercer International Inc
MESA,"Mesa Air Group, Inc. Common Stock"
MET,"MetLife, Inc."
MFA,"MFA Financial, Inc"
MG,Mistras Group Inc.
MGEE,MGE Energy Inc
MGM,MGM RESORTS INTERNATIONAL
MGNX,"MacroGenics, Inc."
MGPI,MGP Ingredients Inc
MGRC,Mcgrath Rentcorp
MGY,Magnolia Oil & Gas Corporation Class A Common Stock
MGYR,"Magyar Bancorp, Inc."
MHH,"Mastech Digital, Inc."
MHK,"Mohawk Industries, Inc."
MHLD,Maiden Hldgs Ltd
MHO,"M/I Homes, Inc."
MIDD,Middleby Corp
MIND,"MIND Technology, Inc. Common Stock (DE)"
MITK,"Mitek Systems, Inc."
MITT,"AG MORTGAGE INVESTMENT TRUST, INC."
MKC,"McCormick & Company, Incorporated Non-VTG CS"
MKL,Markel Group Inc.
MKSI,MKS Instruments Inc
MKTX,MarketAxess Holdings Inc.
MLAB,Mesa Laboratories Inc
MLI,"Mueller Industries, Inc."
MLM,Martin Marietta Materials
MLP,Maui Land & Pineapple Co.
MLR,"Miller Industries, Inc."
MLSS,"Milestone Scientific, Inc. Common Stock"
MMC,"Marsh & McLennan Companies, Inc."
MMI,MARCUS & MILLICHAP
MMM,3M Company
MMS,"MAXIMUS, Inc."
MMSI,Merit Medical Systems Inc
MNKD,Mannkind Corporation
MNOV,"Medicinova, Inc."
MNR,Mach Natural Resources LP Common Units representing Limited Partner Interests
MNRO,"Monro, Inc. Common Stock"
MNST,Monster Beverage Corporation
MNTX,"Manitex International, Inc."
MO,"Altria Group, Inc."
MOD,Modine Manufacturing Co
MODN,"MODEL N, INC."
MOFG,MidWestOne Financial Group
MOH,"Molina Healthcare, Inc."
MORN,"Morningstar, Inc."
MOS,The Mosaic Company
MOTS,"Motus GI Holdings, Inc. Common Stock"
MOV,"Movado Group, Inc."
MPAA,"Motorcar Parts of America, Inc."
MPB,"Mid Penn Bancorp, Inc."
MPC,MARATHON PETROLEUM CORPORATION
MPW,Medical Properties Trust
MPWR,"Monolithic Power Systems, Inc."
MPX,Marine Products Corp.
MRAM,"Everspin Technologies, Inc"
MRC,MRC GLOBAL INC.
MRCY,Mercury Systems Inc.
MRIN,MARIN SOFTWARE INCORPORATED
MRK,"Merck & Co., Inc."
MRKR,"Marker Therapeutics, Inc. Common Stock"
MRNS,"Marinus Pharmaceuticals, Inc"
MRO,Marathon Oil Corporation
MRSN,"Mersana Therapeutics, Inc. Common Stock"
MRTN,Marten Transport Ltd
MRVL,"Marvell Technology, Inc. Common Stock"
MS,Morgan Stanley
MSA,Mine Safety Incorporated
MSBI,"Midland States Bancorp, Inc. Common Stock"
MSCI,"MSCI, Inc."
MSEX,Middlesex Water Co
MSFT,Microsoft Corp
MSI,"Motorola Solutions, Inc. New"
MSM,"MSC Industrial Direct Co., Inc. Class A"
MSN,Emerson Radio Corp.
MSTR,MicroStrategy Inc
MTB,M&T Bank Corp.
MTCH,"Match Group, Inc"
MTD,Mettler-Toledo International
MTDR,MATADOR RESOURCES COMPANY
MTEM,"Molecular Templates, Inc."
MTEX,Mannatech Inc.
MTG,MGIC Investment Corp.
MTH,Meritage Homes Corporation
MTN,"Vail Resorts, Inc."
MTN,"Vail Resorts, Inc."
MTNB,"Matinas BioPharma Holdings, Inc."
MTRN,Materion Corporation
MTRX,Matrix Service Co
MTSI,"MACOM Technology Solutions Holdings, Inc"
MTW,"The Manitowoc Company, Inc."
MTX,Minerals Technologies Inc
MTZ,"MasTec, Inc."
MU,"Micron Technology, Inc."
MUR,Murphy Oil Corp.
MUSA,MURPHY USA INC.
MUX,McEwen Mining Inc.
MVBF,MVB Financial Corp. Common Stock
MVIS,Microvision Inc
MWA,"Mueller Water Products, Inc."
MXL,"MaxLinear, Inc. Common Stock"
MYE,"Myers Industries, Inc."
MYGN,Myriad Genetics Inc
MYRG,"MYR Group, Inc."
NAII,Natural Alternatives International Inc.
NATH,Nathan's Famous Inc
NATR,Nature's Sunshine Products Inc.
NAVI,Navient Corporation
NBHC,NATIONAL BANK HOLDINGS CORP.
NBIX,Neurocrine Biosciences Inc
NBN,Northeast Bank Common Stock
NBR,Nabors Industries Ltd.
NBTB,NBT Bancorp Inc
NBY,"NovaBay Pharmaceuticals, Inc."
NC,"NACCO Industries, Inc."
NCLH,Norwegian Cruise Line Holdings Ltd. Ordinary Shares
NCMI,"National CineMedia, Inc."
NCSM,"NCS Multistage Holdings, Inc."
NDAQ,"Nasdaq, Inc. Common Stock"
NDLS,Noodles & Company Class A
NDSN,Nordson Corp
NE,Noble Corporation plc
NEE,"Nextra Energy, Inc."
NEM,Newmont Corporation
NEO,"NeoGenomics, Inc."
NEOG,Neogen Corp
NEON,Neonode Inc. Common Stock
NERV,"Minerva Neurosciences, Inc"
NEU,NewMarket Corporation
NFBK,"Northfield Bancorp, Inc."
NFG,National Fuel Gas Co.
NFLX,NetFlix Inc
NGS,"Natural Gas Services Group, Inc."
NGVC,"NATURAL GROCERS BY VITAMIN COTTAGE, INC"
NGVT,Ingevity Corporation
NHC,National Healthcare Corp.
NHI,National Health Investors
NHTC,Natural Health Trends Corp.
NI,NiSource Inc.
NICK,Nicholas Financial Inc
NINE,"Nine Energy Service, Inc."
NJR,New Jersey Resources Corp
NKE,"Nike, Inc."
NKSH,National Bankshares Inc/VA
NKTR,Nektar Therapeutics
NL,"NL Industries, Inc."
NLY,Annaly Capital Management. Inc.
NMIH,NMI Holdings Inc. Class A Common Stock
NMRK,"Newmark Group, Inc. Class A Common Stock"
NNBR,NN Inc
NNI,"Nelnet, Inc. Class A"
NNN,"NNN REIT, Inc."
NNVC,NanoViricides Inc.
NOC,Northrop Grumman Corp.
NODK,"NI Holdings, Inc."
NOG,"Northern Oil and Gas, Inc."
NOV,NOV Inc.
NOVT,Novanta Inc. Common Stock
NOW,"SERVICENOW, INC."
NPK,"National Presto Industries, Inc."
NPO,Enpro Inc.
NR,"Newpark Resources, Inc."
NRC,National Research Corporation Common Stock (Delaware)
NRG,"NRG Energy, Inc."
NRIM,Northrim BanCorp Inc
NSA,National Storage Affiliates Trust
NSC,Norfolk Southern Corp.
NSIT,Insight Enterprises Inc
NSP,"Insperity, Inc"
NSSC,"Napco Security Technologies, Inc"
NTAP,"NetApp, Inc"
NTCT,Netscout Systems Inc
NTGR,"NETGEAR, Inc."
NTIC,Northern Technologies International Corp.
NTIP,"Network-1 Technologies, Inc."
NTLA,"Intellia Therapeutics, Inc"
NTNX,"Nutanix, Inc. Class A Common Stock"
NTRA,"Natera, Inc. Common Stock"
NTRS,Northern Trust Corp
NTWK,"NetSol Technologies, Inc."
NUE,Nucor Corporation
NURO,"NeuroMetrix, Inc. Common Stock"
NUS,"NuSkin Enterprises, Inc."
NVAX,Novavax Inc
NVDA,Nvidia Corp
NVEC,NVE Corp
NVEE,"NV5 Global, Inc. Common Stock"
NVFY,"Nova Lifestyle, Inc."
NVR,"NVR, Inc."
NVRO,NEVRO CORP.
NVT,nVent Electric plc Ordinary Shares
NWBI,"Northwest Bancshares, Inc"
NWE,"NorthWestern Energy Group, Inc. Common Stock"
NWFL,Norwood Financial Corp
NWL,Newell Brands Inc.
NWLI,"National Western Life Group, Inc. Class A"
NWN,Northwest Natural Holding Company
NWPX,Northwest Pipe Co
NWS,News Corporation Class B Common Stock
NWSA,News Corporation Class A Common Stock
NX,Quanex Building Products Corporation
NXRT,NexPoint Residential Trust Inc
NXST,"Nexstar Media Group, Inc. Common Stock"
NYCB,"New York Community Bancorp, Inc."
NYMT,"New York Mortgage Trust, Inc."
NYT,New York Times Co.
O,Realty Income Corporation
OC,Owens Corning
OCC,Optical Cable Corp.
OCFC,OceanFirst Financial Corp
OCN,Ocwen Financial Corporation
OCUL,"Ocular Therapeutix, Inc."
OCX,Oncocyte Corporation Common Stock
ODC,Oil-Dri Corporation of America
ODFL,Old Dominion Freight Line
ODP,The ODP Corporation Common Stock
OESX,"Orion Energy Systems, Inc."
OFG,OFG BANCORP
OFIX,Orthofix Medical Inc. Common Stock (DE)
OFLX,"Omega Flex, Inc."
OGE,OGE Energy Corp.
OGEN,Oragenics Inc.
OGS,"ONE GAS, INC."
OHI,Omega Healthcare Investors Inc.
OI,"O-I Glass, Inc."
OII,Oceaneering International Inc.
OIS,"OIL STATES INTERNATIONAL, INC."
OKE,"Oneok, Inc."
OKTA,"Okta, Inc. Class A Common Stock"
OLED,Universal Display Corp
OLLI,"Ollie's Bargain Outlet Holdings, Inc. Common Stock"
OLN,Olin Corp.
OLP,"One Liberty Properties, Inc."
OMC,Omnicom Group Inc.
OMCL,Omnicell Inc
OMER,Omeros Corporation
OMEX,"Odyssey Marine Exploration, Inc"
OMF,"OneMain Holdings, Inc."
OMI,"Owens & Minor, Inc."
ON,ON Semiconductor Corp
ONB,Old National Bancorp
ONVO,Organovo Holdings Inc.
OOMA,"Ooma, Inc. Common Stock"
OPGN,"OpGen, Inc"
OPI,Office Properties Income Trust Common Shares of Beneficial Interest
OPK,Opko Health Inc.
OPOF,Old Point Financial Corp
OPRX,OptimizeRx Corporation Common Stock
OPTN,"OptiNose, Inc. Common Stock"
OPTT,"Ocean Power Technologies, Inc."
OPY,"Oppenheimer Holdings, Inc."
ORA,"Ormat Technologies, Inc."
ORC,"Orchid Island Capital, Inc."
ORCL,Oracle Corp
ORGO,Organogenesis Holdings Inc. Class A Common Stock
ORI,Old Republic International Corporation
ORLY,"O'Reilly Automotive, Inc."
ORN,"Orion Group Holdings, Inc"
ORRF,Orrstown Financial Services Inc
OSBC,Old Second Bancorp Inc
OSG,Overseas Shipholding Group Inc.
OSIS,OSI Systems Inc
OSK,Oshkosh Corp.
OSPN,OneSpan Inc. Common Stock
OSUR,OraSure Technologies Inc
OTTR,Otter Tail Corp
OUT,OUTFRONT Media Inc.
OVBC,Ohio Valley Banc Corp
OVLY,Oak Valley Bancorp
OXM,"Oxford Industries, Inc."
OXY,Occidental Petroleum Corporation
OZK,Bank OZK
PACB,"Pacific Biosciences of California, Inc."
PAG,"Penske Automotive Group, Inc."
PAHC,Phibro Animal Health Corporation Class A
PANL,Pangaea Logistics Solutions Ltd.
PANW,"Palo Alto Networks, Inc. Common Stock"
PAR,PAR Technology Corp.
PARR,"Par Pacific Holdings, Inc. Common Stock"
PATK,Patrick Industries Inc
PAYC,"PAYCOM SOFTWARE, INC."
PAYX,Paychex Inc
PB,Prosperity Bancshares Inc
PBF,PBF ENERGY INC.
PBH,Prestige Consumer Healthcare Inc.
PBHC,Pathfinder Bancorp Inc
PBI,Pitney Bowes Inc.
PBPB,Potbelly Corporation Common Stock
PBYI,PUMA BIOTECHNOLOGY INC
PCAR,Paccar Inc
PCH,PotlatchDeltic Corporation Common Stock
PCRX,"Pacira BioSciences, Inc. Common Stock"
PCTY,Paylocity Holding Corporation Common Stock
PCYO,Pure Cycle Corporation
PD,"PagerDuty, Inc."
PDCO,"Patterson Companies, Inc."
PDEX,Pro-Dex Inc New
PDFS,PDF Solutions Inc
PDLB,"Ponce Financial Group, Inc. Common Stock"
PDM,"Piedmont Office Realty Trust, Inc."
PEB,Pebblebrook Hotel Trust
PEBK,Peoples Bancorp of North Carol
PEBO,Peoples Bancorp Inc/OH
PED,PEDEVCO Corp.
PEG,Public Service Enterprise Group Incorporated
PEGA,Pegasystems Inc
PEN,"Penumbra, Inc."
PENN,"PENN Entertainment, Inc. Common Stock"
PEP,"PepsiCo, Inc."
PESI,"Perma-Fix Environmental Services, Inc."
PETQ,"PetIQ, Inc. Class A Common Stock"
PETS,"PetMed Express, Inc."
PFBC,Preferred Bank
PFE,Pfizer Inc.
PFG,"Principal Financial Group, Inc."
PFGC,Performance Food Group Company
PFIE,"Profire Energy, Inc"
PFIS,Peoples Financial Services Corp.
PFMT,Performant Financial Corporation
PFS,"Provident Financial Services, Inc."
PG,Procter & Gamble Company
PGC,Peapack-Gladstone Financial Corp
PGR,Progressive Corporation
PGRE,"PARAMOUNT GROUP, INC."
PH,Parker-Hannifin Corporation
PHIO,Phio Pharmaceuticals Corp. Common Stock
PHM,"Pultegroup, Inc."
PHX,PHX Minerals Inc.
PI,"Impinj, Inc. Common Stock"
PII,Polaris Inc.
PINC,"Premier, Inc. Class A"
PINS,"Pinterest, Inc. Class A Common Stock"
PJT,PJT Partners Inc.
PK,Park Hotels & Resorts Inc. Common Stock
PKBK,Parke Bancorp Inc.
PKE,Park Aerospace Corp. Common Stock
PKG,Packaging Corp of America
PKOH,Park-Ohio Holdings Corp
PLAB,Photronics Inc
PLAY,"Dave & Buster's Entertainment, Inc."
PLBC,Plumas Bancorp
PLCE,"Children's Place, Inc."
PLD,"PROLOGIS, INC."
PLNT,"Planet Fitness, Inc."
PLOW,"DOUGLAS DYNAMICS, INC."
PLPC,Preformed Line Products Co
PLSE,"Pulse Biosciences, Inc Common Stock (DE)"
PLUG,Plug Power Inc.
PLUS,ePlus Inc
PLXS,Plexus Corp
PLYA,Playa Hotels & Resorts N.V. Ordinary Shares
PLYM,"Plymouth Industrial REIT, Inc."
PM,Philip Morris International Inc.
PMD,Psychemedics Corporation
PMT,PennyMac Mortgage Investment Trust
PMTS,CPI Card Group Inc. Common Stock
PNBK,Patriot National Bancorp Inc
PNC,PNC Financial Services Group
PNFP,Pinnacle Financial Partners In
PNM,"PNM Resources, Inc."
PNR,Pentair plc
PNRG,PrimeEnergy Resources Corporation Common Stock
PNW,Pinnacle West Capital Corporation
PODD,Insulet Corporation
POOL,Pool Corporation
POR,Portland General Electric Company
POST,"POST HOLDINGS, INC."
POWI,Power Integrations Inc
POWL,Powell Industries Inc
PPBI,Pacific Premier Bancorp Inc
PPC,Pilgrims Pride Corporation
PPG,"PPG Industries, Inc."
PPIH,"Perma-Pipe International Holdings, Inc."
PPL,PPL Corporation
PPSI,"Pioneer Power Solutions, Inc."
PRA,ProAssurance Corporation
PRAA,"PRA Group, Inc."
PRFT,Perficient Inc
PRGO,PERRIGO COMPANY PLC
PRGS,Progress Software Corp (DE)
PRI,"PRIMERICA, INC."
PRIM,Primoris Services Corporation
PRK,Park National Corporation
PRLB,"PROTO LABS, INC."
PRMW,Primo Water Corporation
PRO,"Pros Holdings, Inc."
PROV,Provident Financial Hldgs
PRPH,"ProPhase Labs, Inc. Common Stock (DE)"
PRTA,Prothena Corporation plc Ordinary Shares
PRTS,"CarParts.com, Inc. Common Stock"
PRU,"Prudential Financial, Inc."
PSA,Public Storage
PSMT,Pricesmart Inc
PSN,Parsons Corporation
PSTG,"Pure Storage, Inc. Class A"
PSX,PHILLIPS 66
PTC,"PTC, INC"
PTCT,"PTC Therapeutics, Inc."
PTEN,Patterson-UTI Energy Inc
PTGX,"Protagonist Therapeutics, Inc"
PTN,"Palatin Technologies, Inc."
PTSI,PAM Transportation Services
PULM,"Pulmatrix, Inc. Common Stock"
PUMP,ProPetro Holding Corp.
PVBC,"Provident Bancorp, Inc. (MD) Common Stock"
PVH,PVH Corp.
PW,Power REIT
PWOD,Penns Woods Bancorp Inc
PWR,"Quanta Services, Inc."
PXD,Pioneer Natural Resource Co.
PXLW,Pixelworks Inc
PYPL,"PayPal Holdings, Inc. Common Stock"
PZG,Paramount Gold Nevada Corp.
PZZA,Papa John's International Inc
QCOM,Qualcomm Inc
QCRH,QCR Holdings Inc
QDEL,QuidelOrtho Corporation Common Stock
QLYS,"Qualys, Inc. Common Stock"
QNST,"QuinStreet, Inc."
QRHC,Quest Resource Holding Corporation
QRTEA,"Qurate Retail, Inc. Series A Common Stock"
QRVO,"Qorvo, Inc."
QTRX,Quanterix Corporation Common Stock
QTWO,Q2 Holdings Inc
QUAD,"QUAD/GRAPHICS, INC."
QUIK,QuickLogic Corp
R,"Ryder System, Inc."
RAIL,"FreightCar America, Inc."
RAMP,"LiveRamp Holdings, Inc. Common Stock"
RARE,Ultragenyx Pharmaceutical Inc.
RAVE,"Rave Restaurant Group, Inc."
RBB,RBB Bancorp Common Stock
RBBN,Ribbon Communications Inc. Common Stock
RBC,RBC Bearings Incorporated
RBCAA,Republic Bancorp Inc/KY
RC,Ready Capital Corporation
RCKT,"Rocket Pharmaceuticals, Inc. Common Stock"
RCKY,"Rocky Brands, Inc."
RCL,Royal Caribbean Group
RCM,R1 RCM Inc. Common Stock
RCMT,RCM Technologies Inc
RCUS,"Arcus Biosciences, Inc."
RDFN,Redfin Corporation Common Stock
RDI,"Reading International, Inc Class A Common Stock"
RDN,Radian Group Inc.
RDNT,"RadNet, Inc. Common Stock"
RDUS,"Radius Recycling, Inc. Class A Common Stock"
RDVT,"Red Violet, Inc. Common Stock"
REFR,Research Frontiers Inc
REG,Regency Centers Corporation
REGN,Regeneron Pharmaceuticals Inc
REI,Ring Energy Inc.
RELL,Richardson Electronics Ltd
REPL,"Replimune Group, Inc."
RES,"RPC, Inc."
REVG,"REV Group, Inc."
REX,REX American Resources Corp.
REXR,"REXFORD INDUSTRIAL REALTY, INC."
REZI,"Resideo Technologies, Inc. Common Stock"
RF,Regions Financial Corp.
RFIL,RF Industries Ltd
RFL,"Rafael Holdings, Inc. Class B Common Stock"
RGA,"Reinsurance Group of America, Incorporated"
RGCO,RGC Resources Inc
RGEN,Repligen Corp
RGLD,Royal Gold Inc
RGLS,Regulus Therapeutics Inc.
RGNX,REGENXBIO Inc.
RGR,"Sturm, Ruger & Company, Inc."
RGS,Regis Corporation
RH,RH
RHE,"Regional Health Properties, Inc."
RHI,Robert Half Inc.
RHP,"Ryman Hospitality Properties, Inc"
RICK,"RCI Hospitality Holdings, Inc."
RIG,Transocean LTD.
RIGL,Rigel Pharmaceuticals Inc. (New)
RILY,"B. RILEY FINANCIAL, INC."
RIOT,"Riot Platforms, Inc. Common Stock"
RJF,"Raymond James Financial, Inc."
RKDA,"Arcadia Biosciences, Inc."
RL,Ralph Lauren Corporation
RLGT,"Radiant Logistics, Inc."
RLI,RLI Corp.
RLJ,RLJ Lodging Trust
RM,REGIONAL MANAGEMENT CORP
RMAX,"RE/MAX HOLDINGS, INC."
RMBS,Rambus Inc
RMCF,"Rocky Mountain Chocolate Factory, Inc. Common Stock"
RMD,ResMed Inc.
RMR,The RMR Group Inc. Class A Common Stock
RMTI,"Rockwell Medical, Inc. (DE) Common Stock"
RNG,"RINGCENTRAL, INC."
RNR,RenaissanceRe Holdings Ltd.
RNST,Renasant Corporation
ROCK,"Gibraltar Industries, Inc."
ROG,Rogers Corporation
ROIC,Retail Opportunity Investments Corp.
ROK,"Rockwell Automation, Inc."
ROKU,"Roku, Inc. Class A Common Stock"
ROL,"Rollins, Inc."
ROP,"Roper Technologies, Inc. Common Stock"
ROST,Ross Stores Inc
RPD,"Rapid7, Inc. Common Stock"
RPM,"RPM International, Inc."
RRC,Range Resources Corp
RRGB,Red Robin Gourmet Burgers Inc
RRR,"Red Rock Resorts, Inc. Class A Common Stock"
RS,"Reliance, Inc."
RSG,Republic Services Inc.
RUN,Sunrun Inc
RUSHA,Rush Enterprises Inc
RUSHB,Rush Enterprises Inc
RVNC,"Revance Therapeutics, Inc."
RVP,"Retractable Technologies, Inc"
RVSB,Riverview Bancorp Inc
RWT,"Redwood Trust, Inc."
RYAM,Rayonier Advanced Materials Inc.
RYI,RYERSON HOLDING CORPORATION
RYN,Rayonier Inc.
RYTM,"Rhythm Pharmaceuticals, Inc. Common Stock"
SABR,Sabre Corporation
SACH,Sachem Capital Corp. Common Shares
SAFE,Safehold Inc.
SAFT,Safety Insurance Group Inc
SAGE,"Sage Therapeutics, Inc"
SAH,"Sonic Automotive, Inc."
SAIA,"Saia, Inc."
SAIC,Science Applications International Corporation Common Stock
SAM,Boston Beer Company
SAMG,Silvercrest Asset Management Group Inc.
SANM,Sanmina  Corp
SANW,S&W Seed Company
SASR,Sandy Spring Bancorp Inc
SATS,EchoStar Corporation
SAVE,"Spirit Airlines, Inc."
SBAC,SBA Communications Corp
SBCF,Seacoast Banking Corp of Florida
SBFG,"SB Financial Group, Inc."
SBGI,"Sinclair, Inc. Class A Common Stock"
SBH,"Sally Beauty Holdings, Inc."
SBOW,"SilverBow Resources, Inc."
SBRA,"Sabra Healthcare REIT, Inc."
SBSI,Southside Bancshares Inc
SBT,"Sterling Bancorp, Inc. Common Stock"
SBUX,Starbucks Corp
SCHL,Scholastic Corp
SCHW,The Charles Schwab Corporation
SCI,Service Corporation International
SCL,Stepan Co.
SCOR,"comScore, Inc. Common Stock"
SCS,"Steelcase, Inc."
SCSC,Scansource Inc
SCVL,Shoe Carnival Inc
SCWX,SecureWorks Corp  Class A Common Stock
SCX,The L.S. Starrett Company
SCYX,"SCYNEXIS, Inc."
SD,"SandRidge Energy, Inc."
SDPI,Superior Drilling Products Inc.
SEB,Seaboard Corporation
SEDG,"SolarEdge Technologies, Inc."
SEE,Sealed Air Corp.
SEIC,SEI Investments Co
SELF,"Global Self Storage, Inc. Common Stock"
SEM,SELECT MEDICAL HOLDINGS CORP
SENEA,Seneca Foods Corp
SENEB,Seneca Foods Corp
SENS,"Senseonics Holdings, Inc."
SF,Stifel Financial Corp.
SFBC,"Sound Financial Bancorp, Inc."
SFBS,ServisFirst Bancshares Inc.
SFIX,"Stitch Fix, Inc. Class A Common Stock"
SFM,"Sprouts Farmers Market, Inc."
SFNC,Simmons First National Corp
SFST,"Southern First Bancshares, Inc."
SGA,"Saga Communications, Inc. Class A Common Stock (FL)"
SGC,"Superior Group of Companies, Inc. Common Stock"
SGH,"SMART Global Holdings, Inc. Ordinary Shares"
SGMA,Sigmatron International Inc
SGMO,"Sangamo Therapeutics, Inc. Common Stock"
SGRP,SPAR Group Inc
SGRY,"Surgery Partners, Inc. Common Stock"
SHAK,Shake Shack Inc.
SHBI,Shore Bancshares Inc
SHEN,Shenandoah Telecom Co
SHO,"Sunstone Hotel Investors, Inc."
SHOO,Steven Madden Ltd
SHW,The Sherwin-Williams Company
SIBN,"SI-BONE, Inc. Common Stock"
SIEB,Siebert Financial Corp
SIF,"SIFCO Industries, Inc."
SIG,Signet Jewelers Limited
SIGA,SIGA Technologies Inc.
SIGI,Selective Insurance Group
SILK,"Silk Road Medical, Inc. Common Stock"
SINT,"SiNtx Technologies, Inc. Common Stock"
SIRI,"Sirius XM Holdings,  Inc"
SITC,SITE Centers Corp. Common Shares
SITE,"SiteOne Landscape Supply, Inc."
SIX,Six Flags Entertainment Corp.
SJM,The J.M. Smucker Company
SJW,SJW Group Common Stock
SKT,Tanger Inc.
SKX,"Skechers U.S.A., Inc."
SKY,Skyline Champion Corporation Common Stock
SKYW,Skywest Inc
SLAB,Silicon Laboratories Inc
SLB,Schlumberger Limited
SLCA,"U.S. SILICA HOLDINGS, INC."
SLDB,Solid Biosciences Inc. Common Stock
SLG,SL Green Realty Corp.
SLGN,Silgan Holdings Inc
SLM,SLM Corporation
SLNO,"Soleno Therapeutics, Inc. Common Stock"
SLP,"Simulations Plus, Inc."
SLS,"SELLAS Life Sciences Group, Inc. Common Stock"
SM,SM Energy Company
SMAR,Smartsheet Inc.
SMBC,Southern Missouri Bancorp
SMBK,"SmartFinancial, Inc."
SMG,The Scotts Miracle-Gro Company
SMMF,"Summit Financial Group, Inc."
SMP,Standard Motor Products
SMPL,The Simply Good Foods Company Common Stock
SMRT,"SmartRent, Inc."
SMSI,Smith Micro Software Inc
SMTC,Semtech Corp
SNA,Snap-on Incorporated
SNAP,Snap Inc.
SNBR,Sleep Number Corporation Common Stock
SNCR,Synchronoss Technologies Inc Common Stock
SND,"Smart Sand, Inc. Common Stock"
SNDR,"Schneider National, Inc."
SNDX,"Syndax Pharmaceuticals, Inc."
SNFCA,Security National Financial Co
SNOA,"Sonoma Pharmaceuticals, Inc. Common Stock"
SNPS,Synopsys Inc
SNV,Synovus Financial
SNX,TD SYNNEX Corporation
SO,The Southern Company
SOHO,Sotherly Hotels Inc. Common Stock
SOI,"Solaris Oilfield Infrastructure, Inc."
SON,Sonoco Products Company
SONO,"Sonos, Inc. Common Stock"
SP,SP Plus Corporation
SPB,"Spectrum Brands Holdings, Inc."
SPG,"Simon Property Group, Inc."
SPGI,S&P Global Inc.
SPOK,"Spok Holdings, Inc"
SPR,"Spirit Aerosystems Holdings, Inc."
SPRO,"Spero Therapeutics, Inc. Common Stock"
SPSC,"SPS Commerce, Inc."
SPTN,SpartanNash Company
SPWH,"Sportsman's Warehouse Holdings, Inc."
SPWR,SunPower Corporation Common Stock
SPXC,"SPX Technologies, Inc."
SQ,"Block, Inc."
SR,Spire Inc.
SRCE,1st Source Corp
SRCL,Stericycle Inc
SRDX,"Surmodics, Inc. Common Stock"
SRE,Sempra
SRG,"Seritage Growth Properties Class A common shares of beneficial interest, par value $0.01"
SRI,"Stoneridge, Inc"
SRPT,"Sarepta Therapeutics,, Inc. Common Stock"
SRRK,Scholar Rock Holding Corporation Common Stock
SRTS,"Sensus Healthcare, Inc"
SSB,SouthState Corporation
SSBI,Summit State Bank
SSD,"Simpson Manufacturing Co., Inc."
SSKN,"Strata Skin Sciences, Inc. Common Stock"
SSNC,SS&C Technologies Inc
SSP,The E.W. Scripps Company
SSTI,"SoundThinking, Inc. Common Stock"
SSTK,"SHUTTERSTOCK, INC."
ST,Sensata Technologies Holding plc
STAA,Staar Surgical Co
STAG,"STAG INDUSTRIAL, INC."
STBA,S&T Bancorp Inc
STC,Stewart Information Services Corporation
STCN,"Steel Connect, Inc. Common Stock"
STE,STERIS plc
STIM,"Neuronetics, Inc. Common Stock"
STKS,"The ONE Group Hospitality, Inc. Common Stock"
STLD,Steel Dynamics Inc
STRA,"Strategic Education, Inc. Common Stock"
STRL,"Sterling Infrastructure, Inc. Common Stock"
STRM,"Streamline Health Solutions, Inc."
STRS,Stratus Properties Inc
STRT,Strattec Security Corp
STT,State Street Corporation
STWD,"STARWOOD PROPERTY TRUST, INC."
STX,Seagate Technology Holdings PLC Ordinary Shares (Ireland)
STZ,"Constellation Brands, Inc."
SUI,"Sun Communities, Inc"
SUM,"Summit Materials, Inc. Class A Common Stock"
SUP,"Superior Industries International, Inc."
SUPN,"Supernus Pharmaceuticals, Inc."
SVRA,Savara Inc.
SVT,"Servotronics, Inc."
SWAV,"Shockwave Medical, Inc. Common Stock"
SWK,"Stanley Black & Decker, Inc."
SWKS,Skyworks Solutions Inc
SWN,Southwestern Energy Company
SWX,"Southwest Gas Holdings, Inc."
SXC,SUNCOKE ENERGY INC
SXI,Standex International Corporation
SXT,Sensient Technology Corporation
SYBT,"Stock Yards Bancorp, Inc."
SYBX,"Synlogic, Inc. Common Stock"
SYF,SYNCHRONY FINANCIAL
SYK,Stryker Corporation
SYNA,Synaptics Inc
SYPR,Sypris Solutions Inc
SYRS,"Syros Pharmaceuticals, Inc. Common Stock"
SYY,Sysco Corporation
T,AT&T Inc.
TACT,Transact Technologies Inc
TAIT,Taitron Components Inc
TALO,"Talos Energy, Inc. Common Stock"
TAP,Molson Coors Beverage Company Class B
TAST,"Carrols Restaurant Group, Inc."
TAYD,Taylor Devices Inc
TBBK,The Bancorp Inc.
TBI,"Trueblue, Inc."
TBIO,"Telesis Bio, Inc. Common Stock"
TBNK,Territorial Bancorp Inc.
TBPH,"Theravance Biopharma, Inc."
TCBI,"Texas Capital Bancshares, Inc."
TCBK,Trico Bancshares
TCI,"Transcontinental Realty Investors, Inc."
TCMD,"Tactile Systems Technology, Inc."
TCON,"TRACON Pharmaceuticals, Inc. Common Stock"
TCS,"THE CONTAINER STORE GROUP, INC."
TDC,TERADATA CORPORATION
TDG,TransDigm Group Incorporated
TDOC,"Teladoc Health, Inc."
TDS,Telephone and Data Systems Inc.
TDW,"Tidewater, Inc."
TDY,Teledyne Technologies Incorporated
TECH,Bio-Techne Corp.
TEL,TE CONNECTIVITY LTD
TELL,Tellurian Inc.
TENB,"Tenable Holdings, Inc."
TENX,"Tenax Therapeutics, Inc."
TER,"Teradyne, Inc. Common Stock"
TEX,Terex Corporation
TFSL,TFS Financial Corporation
TFX,Teleflex Incorporated
TG,Tredegar Corporation
TGI,"Triumph Group, Inc."
TGLS,Tecnoglass Inc.
TGNA,TEGNA Inc.
TGT,Target Corporation
TGTX,"TG Therapeutics, Inc."
THC,Tenet Healthcare Corporation New
THFF,First Financial Corp/Indiana
THG,"The Hanover Insurance Group, Inc."
THO,"Thor Industries, Inc."
THR,"THERMON GROUP HOLDINGS, INC."
THRM,Gentherm Inc
THS,"Treehouse Foods, Inc."
TILE,Interface Inc
TIPT,Tiptree Inc. Common Stock
TISI,"Team, Inc."
TITN,Titan Machinery Inc.
TJX,"TJX Companies, Inc. (The)"
TKR,The Timken Company
TLF,"Tandy Leather Factory, Inc. Common Stock"
TLYS,Tilly's Inc.
TMDX,"TransMedics Group, Inc. Common Stock"
TMHC,Taylor Morrison Home Corporation Common Stock
TMO,"Thermo Fisher Scientific, Inc."
TMP,Tompkins Financial Corporation
TMUS,"T-Mobile US, Inc."
TNC,TENNANT COMPANY
TNDM,"Tandem Diabetes Care, Inc."
TNET,"TRINET GROUP, INC."
TNXP,Tonix Pharmaceuticals Holding Corp.
TOL,"Toll Brothers, Inc."
TOWN,Towne Bank
TPB,"Turning Point Brands, Inc."
TPC,Tutor Perini Corporation
TPH,"Tri Pointe Homes, Inc."
TPHS,Trinity Place Holdings Inc.com
TPIC,"TPI Composites, Inc. Common Stock"
TPR,"Tapestry, Inc. Common Stock"
TPX,"TEMPUR SEALY INTERNATIONAL, INC."
TR,"Tootsie Roll Industries, Inc."
TRC,Tejon Ranch Co.
TREE,"LendingTree, Inc."
TREX,"Trex Company, Inc."
TRGP,Targa Resources Corp.
TRIP,"TripAdvisor, Inc."
TRMB,Trimble Inc. Common Stock
TRMK,Trustmark Corp
TRN,"Trinity Industries, Inc."
TRNO,Terreno Realty Corporation
TRNS,Transcat Inc
TROW,T Rowe Price Group Inc
TROX,TRONOX LIMITED CL A ORDINARY SHARES
TRS,Trimas Corporation
TRST,Trustco Bank Corp NY
TRT,Trio-Tech International
TRTX,"TPG RE Finance Trust, Inc. Common Stock"
TRU,TransUnion
TRUP,"Trupanion, Inc."
TRV,"The Travelers Companies, Inc."
TRVN,"Trevena, Inc."
TSBK,Timberland Bancorp Inc
TSCO,Tractor Supply Co
TSE,Trinseo PLC
TSLA,"Tesla, Inc. Common Stock"
TSN,"Tyson Foods, Inc."
TSQ,"TOWNSQUARE MEDIA, INC."
TTC,Toro Company (The)
TTD,"The Trade Desk, Inc."
TTEC,"TTEC Holdings, Inc. Common Stock"
TTEK,Tetra Tech Inc
TTGT,"TechTarget, Inc."
TTI,"TETRA Technologies, Inc."
TTMI,TTM Technologies Inc
TTNP,TITAN PHARMACEUTICAL INC
TTOO,"T2 Biosystems, Inc"
TTWO,Take-Two Interactive Software Inc
TUP,Tupperware Brands Corporation
TUSK,"Mammoth Energy Services, Inc. Common Stock"
TW,Tradeweb Markets Inc. Class A Common Stock
TWI,"Titan International, Inc.(Delaware)"
TWIN,"Twin Disc, Incorporated"
TWLO,Twilio Inc.
TWO,Two Harbors Investment Corp.
TWOU,"2U, Inc."
TWST,Twist Bioscience Corporation Common Stock
TXMD,"TherapeuticsMD, Inc."
TXN,Texas Instruments Incorporated
TXRH,"Texas Roadhouse, Inc."
TXT,"Textron, Inc."
TYL,"Tyler Technologies, Inc."
TZOO,Travelzoo Common Stock
UA,"Under Armour, Inc. Class C Common Stock, $0.0003 1/3 par value"
UAA,"Under Armour, Inc."
UAL,"United Airlines Holdings, Inc. Common Stock"
UAMY,United States Antimony Corporation
UBCP,United Bancorp Inc/OH
UBER,"Uber Technologies, Inc."
UBFO,United Security Bancshares
UBSI,United Bankshares Inc
UCBI,United Community Banks Inc.
UCTT,"Ultra Clean Holdings, Inc."
UDR,"UDR, Inc."
UE,UBRAN EDGE PROPERTIES
UEC,Uranium Energy Corp.
UEIC,Universal Electronics Inc
UFCS,United Fire Group Inc.
UFI,"UNIFI, Inc. New"
UFPI,"UFP Industries, Inc. Common Stock"
UFPT,UFP Technologies Inc
UG,"United-Guardian, Inc."
UGI,UGI Corporation
UHAL,U-Haul Holding Company
UHS,"Universal Health Services, Inc. Class B"
UHT,Universal Health Realty Income Trust
UIS,Unisys Corporation
ULBI,Ultralife Corporation
ULH,"Universal Logistics Holdings, Inc. Common Stock"
ULTA,"Ulta Beauty, Inc. Common Stock"
UMBF,UMB Financial Corp
UMH,"UMH Properties, Inc."
UNB,"Union Bankshares, Inc"
UNF,Unifirst Corp
UNFI,United Natural Foods Inc
UNH,UNITEDHEALTH GROUP INCORPORATED (Delaware)
UNIT,Uniti Group Inc. Common Stock
UNM,Unum Group
UNP,Union Pacific Corp.
UNTY,Unity Bancorp
UONE,"Urban One, Inc. Class A Common Stock"
UONEK,"Urban One, Inc. Class D Common Stock"
UONEK,"Urban One, Inc. Class D Common Stock"
UPLD,"Upland Software, Inc."
UPS,"United Parcel Service, Inc. Class B"
UPWK,Upwork Inc. Common Stock
URBN,Urban Outfitters Inc
URBN,Urban Outfitters Inc
URI,"United Rentals, Inc."
USAP,Universal Stainless & Alloy
USB,U.S. Bancorp
USEG,U.S. Energy Corp. Common Stock (DE)
USEG,U.S. Energy Corp. Common Stock (DE)
USFD,US Foods Holding Corp.
USFD,US Foods Holding Corp.
USIO,"Usio, Inc. Common Stock"
USLM,United States Lime & Minerals
USM,United States Cellular Corporation
USNA,USANA Health Sciences Inc
USNA,USANA Health Sciences Inc
USPH,US Physical Therapy Inc
UTHR,United Therapeutics Corp
UTI,"Universal Technical Institute, Inc."
UTL,Unitil Corporation
UTMD,Utah Medical Products Inc
UTMD,Utah Medical Products Inc
UUU,"Universal Security Instruments, Inc."
UVE,"UNIVERSAL INSURANCE HLDG, INC."
UVSP,Univest Financial Corporation Common Stock
UVV,Universal Corporation
V,VISA Inc.
V,VISA Inc.
VAC,MARRIOTT VACATIONS WORLDWIDE CORPORATION
VAL,Valaris Limited
VAL,Valaris Limited
VALU,Value Line Inc
VALU,Value Line Inc
VBFC,Village Bank and Trust Financial Corp.
VBFC,Village Bank and Trust Financial Corp.
VBIV,"VBI Vaccines, Inc. New Common Stock (Canada)"
VBIV,"VBI Vaccines, Inc. New Common Stock (Canada)"
VBTX,"Veritex Holdings, Inc."
VBTX,"Veritex Holdings, Inc."
VC,VISTEON CORPORATION
VC,VISTEON CORPORATION
VCEL,Vericel Corporation
VCEL,Vericel Corporation
VCTR,"Victory Capital Holdings, Inc. Class A Common Stock"
VCTR,"Victory Capital Holdings, Inc. Class A Common Stock"
VCYT,"Veracyte, Inc."
VCYT,"Veracyte, Inc."
VECO,Veeco Instruments Inc
VECO,Veeco Instruments Inc
VEEV,Veeva Systems Inc.
VEEV,Veeva Systems Inc.
VERI,"Veritone, Inc. Common Stock"
VERI,"Veritone, Inc. Common Stock"
VERU,Veru Inc.
VERU,Veru Inc.
VFC,V.F. Corporation
VFC,V.F. Corporation
VGR,Vector Group Ltd.
VGR,Vector Group Ltd.
VHC,VirnetX Holding Corporation
VHC,VirnetX Holding Corporation
VIAV,Viavi Solutions Inc. Common Stock
VIAV,Viavi Solutions Inc. Common Stock
VICI,VICI Properties Inc. Common Stock
VICI,VICI Properties Inc. Common Stock
VICR,Vicor Corp
VICR,Vicor Corp
VIRC,Virco Mfg. Corporation
VIRC,Virco Mfg. Corporation
VIRT,"Virtu Financial, Inc. Class A"
VIRT,"Virtu Financial, Inc. Class A"
VISL,"Vislink Technologies, Inc. Common Stock"
VKTX,"Viking Therapeutics, Inc"
VKTX,"Viking Therapeutics, Inc"
VLGEA,Village Super Market
VLGEA,Village Super Market
VLO,Valero Energy Corporation
VLO,Valero Energy Corporation
VLY,Valley National Bancorp
VLY,Valley National Bancorp
VMC,Vulcan Materials Company(Holding Company)
VMC,Vulcan Materials Company(Holding Company)
VMI,"Valmont Industries, Inc."
VMI,"Valmont Industries, Inc."
VNCE,VINCE HOLDING CORP.
VNCE,VINCE HOLDING CORP.
VNDA,Vanda Pharmaceuticals Inc.
VNDA,Vanda Pharmaceuticals Inc.
VNO,Vornado Realty Trust
VNO,Vornado Realty Trust
VNRX,VolitionRX Limited Common Stock
VNRX,VolitionRX Limited Common Stock
VOXX,VOXX International Corporation Class A
VOXX,VOXX International Corporation Class A
VOYA,"VOYA FINANCIAL, INC."
VOYA,"VOYA FINANCIAL, INC."
VPG,"Vishay Precision Group, Inc."
VPG,"Vishay Precision Group, Inc."
VRA,"Vera Bradley, Inc."
VRA,"Vera Bradley, Inc."
VREX,Varex Imaging Corporation Common Stock
VREX,Varex Imaging Corporation Common Stock
VRNS,"Varonis Systems, Inc."
VRNS,"Varonis Systems, Inc."
VRNT,Verint Systems Inc
VRNT,Verint Systems Inc
VRRM,Verra Mobility Corporation Class A Common Stock
VRRM,Verra Mobility Corporation Class A Common Stock
VRSK,"Verisk Analytics, Inc. Common Stock"
VRSK,"Verisk Analytics, Inc. Common Stock"
VRSN,VeriSign Inc
VRSN,VeriSign Inc
VRTS,"Virtus Investment Partners, Inc."
VRTS,"Virtus Investment Partners, Inc."
VRTX,Vertex Pharmaceuticals Inc
VRTX,Vertex Pharmaceuticals Inc
VSAT,Viasat Inc
VSAT,Viasat Inc
VSEC,VSE Corp
VSEC,VSE Corp
VSH,"Vishay Intertechnology, Inc."
VSH,"Vishay Intertechnology, Inc."
VST,Vistra Corp.
VST,Vistra Corp.
VSTM,"Verastem, Inc."
VSTM,"Verastem, Inc."
VSTO,Vista Outdoor Inc.
VSTO,Vista Outdoor Inc.
VTNR,"Vertex Energy, Inc"
VTNR,"Vertex Energy, Inc"
VTR,"Ventas, Inc."
VTR,"Ventas, Inc."
VTVT,vTv Therapeutics Inc. Class A Common Stock
VTVT,vTv Therapeutics Inc. Class A Common Stock
VUZI,Vuzix Corporation
VUZI,Vuzix Corporation
VVI,Viad Corp
VVI,Viad Corp
VVV,Valvoline Inc.
VVV,Valvoline Inc.
VXRT,"Vaxart, Inc Common Stock"
VXRT,"Vaxart, Inc Common Stock"
VYGR,"Voyager Therapeutics, Inc. Common Stock"
VYGR,"Voyager Therapeutics, Inc. Common Stock"
VZ,Verizon Communications
VZ,Verizon Communications
W,Wayfair Inc.
W,Wayfair Inc.
WAB,Wabtec Inc.
WAB,Wabtec Inc.
WABC,Westamerica Bancorporation
WABC,Westamerica Bancorporation
WAFD,"WaFd, Inc. Common Stock"
WAFD,"WaFd, Inc. Common Stock"
WAL,Western Alliance Bancorporation
WAL,Western Alliance Bancorporation
WASH,Washington Trust Bancorp Inc
WASH,Washington Trust Bancorp Inc
WAT,Waters Corp
WAT,Waters Corp
WATT,Energous Corporation
WBA,"Walgreens Boots Alliance, Inc"
WBA,"Walgreens Boots Alliance, Inc"
WBS,Webster Financial Corporation Waterbury
WBS,Webster Financial Corporation Waterbury
WCC,Wesco International Inc.
WCC,Wesco International Inc.
WD,"Walker & Dunlop, Inc."
WD,"Walker & Dunlop, Inc."
WDAY,"Workday, Inc. Class A Common Stock"
WDAY,"Workday, Inc. Class A Common Stock"
WDC,Western Digital Corp.
WDC,Western Digital Corp.
WDFC,Wd-40 Co
WDFC,Wd-40 Co
WEC,"WEC Energy Group, Inc."
WEC,"WEC Energy Group, Inc."
WELL,Welltower Inc.
WELL,Welltower Inc.
WEN,The Wendy's Company
WERN,Werner Enterprises Inc
WERN,Werner Enterprises Inc
WEX,WEX Inc.
WEX,WEX Inc.
WEYS,Weyco Group Inc
WEYS,Weyco Group Inc
WFC,Wells Fargo & Co.
WFC,Wells Fargo & Co.
WGO,"Winnebago Industries, Inc."
WGO,"Winnebago Industries, Inc."
WH,"Wyndham Hotels & Resorts, Inc. Common Stock"
WH,"Wyndham Hotels & Resorts, Inc. Common Stock"
WHD,"Cactus, Inc."
WHG,"WESTWOOD HOLDINGS GROUP, INC."
WHG,"WESTWOOD HOLDINGS GROUP, INC."
WHLM,"Wilhelmina International, Inc"
WHLM,"Wilhelmina International, Inc"
WHLR,"Wheeler Real Estate Investment Trust, Inc"
WHLR,"Wheeler Real Estate Investment Trust, Inc"
WHR,Whirlpool Corp.
WHR,Whirlpool Corp.
WINA,Winmark Corp
WINA,Winmark Corp
WING,Wingstop Inc
WING,Wingstop Inc
WIRE,Encore Wire Corp
WK,Workiva Inc.
WK,Workiva Inc.
WKHS,"Workhorse Group, Inc"
WKHS,"Workhorse Group, Inc"
WLDN,"Willdan Group, Inc."
WLDN,"Willdan Group, Inc."
WLFC,Willis Lease Finance Corp
WLFC,Willis Lease Finance Corp
WLK,Westlake Corporation
WLK,Westlake Corporation
WM,"Waste Management, Inc."
WM,"Waste Management, Inc."
WMB,Williams Companies Inc.
WMK,"Weis Markets, Inc."
WMK,"Weis Markets, Inc."
WMS,"ADVANCED DRAINAGE SYSTEMS, INC."
WMT,Walmart Inc.
WMT,Walmart Inc.
WNC,Wabash National Corp.
WNC,Wabash National Corp.
WNEB,"Western New England Bancorp, Inc."
WNEB,"Western New England Bancorp, Inc."
WOR,"Worthington Enterprises, Inc."
WOR,"Worthington Enterprises, Inc."
WOW,"WideOpenWest, Inc. Common Stock"
WOW,"WideOpenWest, Inc. Common Stock"
WPC,W.P. Carey Inc. (REIT)
WPC,W.P. Carey Inc. (REIT)
WRB,W.R. Berkley Corporation
WRB,W.R. Berkley Corporation
WRK,WestRock Company
WRK,WestRock Company
WRLD,World Acceptance Corp
WRLD,World Acceptance Corp
WSBC,WesBanco Inc
WSBC,WesBanco Inc
WSBF,"Waterstone Financial, Inc."
WSBF,"Waterstone Financial, Inc."
WSC,WillScot Mobile Mini Holdings Corp. Class A Common Stock
WSC,WillScot Mobile Mini Holdings Corp. Class A Common Stock
WSFS,WSFS Financial Corp
WSFS,WSFS Financial Corp
WSM,"Williams-Sonoma, Inc."
WSM,"Williams-Sonoma, Inc."
WSO,"Watsco, Inc."
WSO,"Watsco, Inc."
WSR,Whitestone REIT
WSR,Whitestone REIT
WST,"West Pharmaceutical Services, Inc."
WST,"West Pharmaceutical Services, Inc."
WTBA,West Bancorporation
WTBA,West Bancorporation
WTFC,Wintrust Financial Corp
WTFC,Wintrust Financial Corp
WTI,"W&T Offshore, Inc."
WTI,"W&T Offshore, Inc."
WTM,White Mountains Insurance Group Ltd.
WTM,White Mountains Insurance Group Ltd.
WTS,"Watts Water Technologies, Inc. Class A"
WTS,"Watts Water Technologies, Inc. Class A"
WTTR,"Select Water Solutions, Inc."
WU,The Western Union Company
WVE,Wave Life Sciences Ltd. Ordinary Shares
WVE,Wave Life Sciences Ltd. Ordinary Shares
WVVI,Willamette Valley Vineyards
WVVI,Willamette Valley Vineyards
WW,"WW International, Inc. Common Stock"
WWD,"Woodward, Inc."
WWD,"Woodward, Inc."
WWR,"Westwater Resources, Inc."
WWR,"Westwater Resources, Inc."
WWW,"Wolverine World Wide, Inc."
WWW,"Wolverine World Wide, Inc."
WY,Weyerhaeuser Company
WY,Weyerhaeuser Company
WYNN,Wynn Resorts Ltd
WYNN,Wynn Resorts Ltd
WYY,WidePoint Corporation
WYY,WidePoint Corporation
X,United States Steel Corporation
XBIT,XBiotech Inc
XBIT,XBiotech Inc
XEL,"Xcel Energy, Inc."
XEL,"Xcel Energy, Inc."
XELA,"Exela Technologies, Inc. Common Stock"
XELB,XCEL BRANDS INC.
XELB,XCEL BRANDS INC.
XERS,"Xeris Biopharma Holdings, Inc. Common Stock"
XERS,"Xeris Biopharma Holdings, Inc. Common Stock"
XFOR,"X4 Pharmaceuticals, Inc. Common Stock"
XHR,"Xenia Hotels & Resorts, Inc."
XHR,"Xenia Hotels & Resorts, Inc."
XNCR,"Xencor, Inc."
XNCR,"Xencor, Inc."
XOM,Exxon Mobil Corporation
XOMA,XOMA Corporation
XOMA,XOMA Corporation
XONE,BondBloxx Bloomberg One Year Target Duration USTreasuryETF
XPER,Xperi Inc
XPER,Xperi Inc
XPL,Solitario Resources Corp.
XPO,"XPO, Inc."
XPO,"XPO, Inc."
XRAY,DENTSPLY SIRONA Inc.
XRX,Xerox Holdings Corporation Common Stock
XRX,Xerox Holdings Corporation Common Stock
XTNT,"Xtant Medical Holdings, Inc."
XTNT,"Xtant Medical Holdings, Inc."
XXII,22nd Century Group Inc.
XYL,Xylem Inc
XYL,Xylem Inc
YELP,YELP INC.
YELP,YELP INC.
YETI,"YETI Holdings, Inc. Common Stock"
YETI,"YETI Holdings, Inc. Common Stock"
YEXT,"Yext, Inc."
YEXT,"Yext, Inc."
YMAB,"Y-mAbs Therapeutics, Inc. Common Stock"
YMAB,"Y-mAbs Therapeutics, Inc. Common Stock"
YORW,York Water Co
YORW,York Water Co
YTEN,"Yield10 Bioscience, Inc. Common Stock"
YTEN,"Yield10 Bioscience, Inc. Common Stock"
YUM,"Yum! Brands, Inc."
YUM,"Yum! Brands, Inc."
Z,"Zillow Group, Inc. Class C Capital Stock"
Z,"Zillow Group, Inc. Class C Capital Stock"
ZBH,"Zimmer Biomet Holdings, Inc."
ZBH,"Zimmer Biomet Holdings, Inc."
ZBRA,Zebra Technologies Corporation
ZBRA,Zebra Technologies Corporation
ZDGE,"Zedge, Inc."
ZDGE,"Zedge, Inc."
ZEUS,"Olympic Steel, Inc."
ZG,ZILLOW GROUP INC CLASS A
ZG,ZILLOW GROUP INC CLASS A
ZION,Zions Bancorporation N.A.
ZION,Zions Bancorporation N.A.
ZM,"Zoom Video Communications, Inc. Class A Common Stock"
ZM,"Zoom Video Communications, Inc. Class A Common Stock"
ZS,"Zscaler, Inc. Common Stock"
ZS,"Zscaler, Inc. Common Stock"
ZTS,ZOETIS INC.
ZTS,ZOETIS INC.
ZUMZ,Zumiez Inc.
ZUMZ,Zumiez Inc.
ZUO,"Zuora, Inc."
ZUO,"Zuora, Inc."
ZYXI,ZYNEX INC
